household_ID,room_ID,ac_ID,type_of_the_ac,is_the_ac_inverter_or_not,is_room_fully_sealed,wattage_of_the_ac,btu_of_the_ac,no_of_hours_ac_was_on_during_daytime_last_week,no_of_hours_ac_was_on_during_night_last_week
ID0012,I_3,I_3_AC_1,4,1,1,1500.0,999,0.0,45.0
ID0014,I_3,I_3_AC_1,6,2,1,0.0,999,0.0,0.0
ID0018,I_5,I_5_AC_1,3,1,1,2000.0,999,0.0,56.0
ID0025,I_2,I_2_AC_1,1,1,1,0.0,999,0.0,0.0
ID0039,I_8,I_8_AC_1,3,1,1,0.0,999,12.0,12.0
ID0039,I_9,I_9_AC_1,3,1,1,0.0,9000,12.0,12.0
ID0041,I_8,I_8_AC_1,5,1,1,0.0,999,0.0,21.0
ID0043,I_3,I_3_AC_1,3,2,1,0.0,999,0.0,0.0
ID0043,I_18,I_18_AC_1,3,2,1,0.0,999,42.0,21.0
ID0043,I_19,I_19_AC_1,3,2,1,0.0,999,42.0,42.0
ID0043,I_20,I_20_AC_1,3,2,1,0.0,999,0.0,0.0
ID0054,I_13,I_13_AC_1,4,2,1,0.0,999,0.0,0.0
ID0066,I_2,I_2_AC_1,3,2,2,0.0,9000,0.0,42.0
ID0066,I_16,I_16_AC_1,3,2,2,0.0,999,0.0,51.0
ID0066,I_17,I_17_AC_1,3,2,2,0.0,999,0.0,51.0
ID0066,I_18,I_18_AC_1,3,2,2,0.0,9000,0.0,0.0
ID0069,I_1,I_1_AC_1,1,2,1,1000.0,999,0.0,63.0
ID0069,I_2,I_2_AC_1,1,2,1,1000.0,999,0.0,63.0
ID0069,I_3,I_3_AC_1,1,2,1,1000.0,999,0.0,63.0
ID0069,I_5,I_5_AC_1,1,2,1,1000.0,999,0.0,63.0
ID0069,I_6,I_6_AC_1,1,2,1,1000.0,999,0.0,63.0
ID0069,I_7,I_7_AC_1,1,2,1,1000.0,999,0.0,63.0
ID0069,I_8,I_8_AC_1,1,2,1,1000.0,999,0.0,63.0
ID0072,I_3,I_3_AC_1,3,1,1,250.0,999,0.0,1.0
ID0077,I_2,I_2_AC_1,3,1,1,0.0,999,0.0,1.66
ID0079,I_2,I_2_AC_1,4,2,1,0.0,999,0.0,0.0
ID0079,I_3,I_3_AC_1,4,2,1,0.0,999,0.0,0.0
ID0081,I_2,I_2_AC_1,1,2,1,0.0,999,0.0,0.0
ID0083,I_2,I_2_AC_1,3,1,1,0.0,999,2.0,2.0
ID0083,I_9,I_9_AC_1,3,1,1,0.0,999,0.0,0.0
ID0083,I_10,I_10_AC_1,3,1,1,0.0,999,0.0,0.0
ID0083,I_11,I_11_AC_1,3,1,1,0.0,999,0.0,0.0
ID0083,I_11,I_11_AC_2,3,1,1,0.0,0,0.0,0.0
ID0083,I_11,I_11_AC_3,3,1,1,0.0,0,0.0,0.0
ID0083,I_12,I_12_AC_1,3,1,1,0.0,999,0.0,0.0
ID0083,I_13,I_13_AC_1,3,1,1,0.0,999,0.0,0.0
ID0083,I_14,I_14_AC_1,3,1,1,0.0,999,0.0,0.0
ID0093,I_3,I_3_AC_1,4,1,1,0.0,9000,0.0,0.0
ID0103,I_2,I_2_AC_1,3,1,1,0.0,12000,0.0,7.0
ID0104,I_3,I_3_AC_1,4,1,1,9000.0,9000,0.0,4.0
ID0104,I_4,I_4_AC_1,4,1,1,9000.0,9000,0.0,0.0
ID0107,I_3,I_3_AC_1,4,1,1,0.0,999,0.0,15.0
ID0113,I_2,I_2_AC_1,3,1,2,0.0,999,0.0,0.0
ID0114,I_6,I_6_AC_1,3,1,1,0.0,12000,0.0,0.0
ID0115,I_2,I_2_AC_1,1,1,1,0.0,12000,0.0,0.0
ID0127,I_6,I_6_AC_1,3,1,1,0.0,999,0.0,84.0
ID0127,I_8,I_8_AC_1,3,1,1,0.0,999,0.0,84.0
ID0128,I_4,I_4_AC_1,3,1,1,0.0,999,0.0,7.0
ID0128,I_6,I_6_AC_1,3,1,1,0.0,999,0.0,0.0
ID0129,I_3,I_3_AC_1,3,1,1,0.0,999,0.0,0.0
ID0134,I_4,I_4_AC_1,3,2,1,0.0,9000,0.0,0.0
ID0134,I_5,I_5_AC_1,3,2,1,0.0,9000,0.0,0.0
ID0135,I_1,I_1_AC_1,3,2,1,0.0,999,18.0,0.0
ID0135,I_2,I_2_AC_1,3,2,1,0.0,999,35.0,0.0
ID0135,I_3,I_3_AC_1,3,2,1,0.0,999,12.0,0.0
ID0149,I_6,I_6_AC_1,3,2,1,0.0,12000,0.0,28.0
ID0152,I_2,I_2_AC_1,4,1,2,0.0,12000,0.0,0.0
ID0154,I_2,I_2_AC_1,1,1,1,0.0,999,0.0,0.0
ID0161,I_5,I_5_AC_1,3,1,1,0.0,2000,0.0,0.0
ID0174,I_2,I_2_AC_1,3,2,1,0.0,999,0.0,0.0
ID0177,I_1,I_1_AC_1,1,1,1,0.0,18000,4.0,4.0
ID0177,I_1,I_1_AC_2,1,1,1,0.0,18000,0.0,0.0
ID0177,I_2,I_2_AC_1,1,1,1,0.0,18000,0.0,10.0
ID0177,I_3,I_3_AC_1,1,1,1,0.0,12000,0.0,0.0
ID0182,I_2,I_2_AC_1,3,1,1,0.0,9000,7.0,1.0
ID0182,I_3,I_3_AC_1,3,1,1,0.0,12000,7.0,7.0
ID0183,I_2,I_2_AC_1,1,1,1,0.0,12000,0.0,18.0
ID0183,I_3,I_3_AC_1,1,1,1,0.0,12000,0.0,0.0
ID0185,I_4,I_4_AC_1,3,1,1,0.0,18000,1.0,7.0
ID0185,I_5,I_5_AC_1,3,1,1,0.0,12000,0.0,0.0
ID0185,I_6,I_6_AC_1,3,1,1,0.0,12000,0.0,0.0
ID0189,I_2,I_2_AC_1,1,1,1,0.0,12000,0.0,42.0
ID0189,I_3,I_3_AC_1,1,1,1,0.0,12000,0.0,0.0
ID0189,I_11,I_11_AC_1,1,1,1,0.0,12000,0.0,0.0
ID0191,I_3,I_3_AC_1,4,1,2,0.0,999,0.0,3.0
ID0198,I_1,I_1_AC_1,3,2,1,25.0,999,0.0,0.0
ID0198,I_4,I_4_AC_1,3,2,1,18.0,999,0.0,42.0
ID0198,I_6,I_6_AC_1,3,2,1,12.0,999,0.0,0.0
ID0201,I_3,I_3_AC_1,3,1,1,0.0,9000,0.0,0.0
ID0201,I_7,I_7_AC_1,4,1,1,0.0,9000,0.0,0.0
ID0203,I_5,I_5_AC_1,4,1,3,1500.0,9000,1.0,2.0
ID0210,I_3,I_3_AC_1,1,1,1,0.0,12000,0.0,2.0
ID0210,I_4,I_4_AC_1,1,1,1,0.0,12000,0.0,70.0
ID0230,I_3,I_3_AC_1,3,2,1,0.0,999,0.0,0.0
ID0230,I_4,I_4_AC_1,3,2,1,0.0,999,0.0,0.0
ID0230,I_5,I_5_AC_1,3,2,1,0.0,999,0.0,0.0
ID0233,I_2,I_2_AC_1,3,1,1,0.0,999,0.0,0.0
ID0234,I_2,I_2_AC_1,1,1,1,0.0,999,0.0,0.0
ID0246,I_2,I_2_AC_1,3,2,1,0.0,999,28.0,84.0
ID0246,I_6,I_6_AC_1,3,2,1,0.0,999,0.0,0.0
ID0246,I_14,I_14_AC_1,3,2,1,0.0,999,0.0,0.0
ID0246,I_15,I_15_AC_1,4,2,1,0.0,999,0.0,0.0
ID0247,I_1,I_1_AC_1,3,1,1,18.0,18000,0.0,6.0
ID0247,I_2,I_2_AC_1,3,1,1,18.0,12000,0.0,9.0
ID0247,I_3,I_3_AC_1,3,1,1,12.0,10000,0.0,0.0
ID0247,I_4,I_4_AC_1,3,1,1,10.0,12000,0.0,8.0
ID0247,I_5,I_5_AC_1,3,1,1,0.0,10000,0.0,7.0
ID0247,I_7,I_7_AC_1,3,2,1,10.0,10000,0.0,0.0
ID0249,I_2,I_2_AC_1,4,1,1,0.0,999,0.0,64.0
ID0250,I_3,I_3_AC_1,1,1,1,0.0,18000,0.0,14.0
ID0254,I_5,I_5_AC_1,6,1,3,0.0,999,0.0,0.0
ID0255,I_5,I_5_AC_1,6,2,3,0.0,999,0.0,0.0
ID0257,I_2,I_2_AC_1,1,1,1,0.0,12000,0.0,0.0
ID0257,I_3,I_3_AC_1,1,1,1,0.0,12000,0.0,8.0
ID0258,I_3,I_3_AC_1,4,1,1,980.0,999,0.0,0.0
ID0260,I_3,I_3_AC_1,3,2,1,0.0,999,14.0,26.0
ID0264,I_2,I_2_AC_1,3,2,2,18.0,1000,7.0,7.0
ID0269,I_2,I_2_AC_1,1,1,1,0.0,999,0.0,10.0
ID0276,I_1,I_1_AC_1,3,2,3,0.0,999,14.0,0.0
ID0276,I_6,I_6_AC_1,3,2,1,0.0,999,14.0,14.0
ID0278,I_1,I_1_AC_1,1,2,1,0.0,999,0.0,4.0
ID0278,I_2,I_2_AC_1,1,2,1,0.0,999,0.0,4.0
ID0278,I_3,I_3_AC_1,1,2,1,0.0,999,0.0,4.0
ID0278,I_4,I_4_AC_1,1,2,1,0.0,999,0.0,4.0
ID0278,I_5,I_5_AC_1,1,2,1,0.0,999,0.0,4.0
ID0278,I_6,I_6_AC_1,1,2,1,0.0,999,0.0,4.0
ID0278,I_7,I_7_AC_1,1,2,1,0.0,999,0.0,4.0
ID0278,I_8,I_8_AC_1,1,2,1,0.0,999,0.0,4.0
ID0278,I_9,I_9_AC_1,1,2,1,0.0,999,0.0,4.0
ID0278,I_10,I_10_AC_1,1,2,1,0.0,999,0.0,4.0
ID0278,I_11,I_11_AC_1,1,2,1,0.0,999,0.0,4.0
ID0280,I_1,I_1_AC_1,4,1,1,1500.0,999,0.0,0.0
ID0280,I_2,I_2_AC_1,4,1,1,0.0,999,0.0,49.0
ID0280,I_3,I_3_AC_1,4,1,1,1500.0,999,0.0,0.0
ID0282,I_1,I_1_AC_1,1,2,1,0.0,999,0.0,0.0
ID0282,I_1,I_1_AC_2,1,2,1,0.0,0,0.0,0.0
ID0282,I_2,I_2_AC_1,1,2,1,0.0,999,0.0,0.0
ID0282,I_2,I_2_AC_2,1,2,1,0.0,0,0.0,0.0
ID0282,I_3,I_3_AC_1,1,2,1,0.0,999,0.0,0.0
ID0282,I_3,I_3_AC_2,1,2,1,0.0,0,0.0,0.0
ID0282,I_4,I_4_AC_1,1,2,1,0.0,999,0.0,0.0
ID0282,I_4,I_4_AC_2,1,2,1,0.0,0,0.0,0.0
ID0282,I_5,I_5_AC_1,1,2,1,0.0,999,0.0,0.0
ID0282,I_5,I_5_AC_2,1,2,1,0.0,0,0.0,0.0
ID0282,I_6,I_6_AC_1,1,2,1,0.0,999,0.0,0.0
ID0282,I_6,I_6_AC_2,1,2,1,0.0,0,0.0,0.0
ID0282,I_7,I_7_AC_1,1,2,1,0.0,999,0.0,0.0
ID0282,I_7,I_7_AC_2,1,2,1,0.0,0,0.0,0.0
ID0282,I_8,I_8_AC_1,1,2,1,0.0,999,0.0,0.0
ID0282,I_8,I_8_AC_2,1,2,1,0.0,0,0.0,0.0
ID0282,I_9,I_9_AC_1,1,2,1,0.0,999,0.0,0.0
ID0282,I_9,I_9_AC_2,1,2,1,0.0,0,0.0,0.0
ID0282,I_10,I_10_AC_1,1,2,1,0.0,999,0.0,0.0
ID0282,I_10,I_10_AC_2,1,2,1,0.0,0,0.0,0.0
ID0282,I_11,I_11_AC_1,1,2,1,0.0,999,0.0,0.0
ID0282,I_11,I_11_AC_2,1,2,1,0.0,0,0.0,0.0
ID0282,I_12,I_12_AC_1,1,2,1,0.0,999,0.0,0.0
ID0282,I_12,I_12_AC_2,1,2,1,0.0,0,0.0,0.0
ID0282,I_13,I_13_AC_1,1,2,1,0.0,999,0.0,0.0
ID0282,I_13,I_13_AC_2,1,2,1,0.0,0,0.0,0.0
ID0294,I_2,I_2_AC_1,4,1,1,0.0,1000,0.0,0.0
ID0294,I_3,I_3_AC_1,4,1,1,0.0,1000,0.0,0.0
ID0296,I_2,I_2_AC_1,3,1,1,0.0,18000,0.0,0.0
ID0296,I_10,I_10_AC_1,3,1,1,0.0,12000,0.0,56.0
ID0296,I_11,I_11_AC_1,3,1,1,0.0,12000,0.0,56.0
ID0296,I_12,I_12_AC_1,3,1,1,0.0,12000,0.0,56.0
ID0296,I_13,I_13_AC_1,3,1,1,0.0,12000,0.0,56.0
ID0307,I_1,I_1_AC_1,3,1,1,0.0,999,7.0,7.0
ID0321,I_2,I_2_AC_1,3,2,1,9000.0,9000,0.0,21.0
ID0345,I_2,I_2_AC_1,4,1,1,0.0,12000,0.0,8.0
ID0345,I_4,I_4_AC_1,4,1,1,0.0,12000,0.0,6.0
ID0348,I_1,I_1_AC_1,1,2,1,12000.0,1000,0.0,70.0
ID0348,I_2,I_2_AC_1,1,2,1,12000.0,1000,0.0,70.0
ID0348,I_3,I_3_AC_1,1,2,1,12000.0,1000,0.0,70.0
ID0348,I_4,I_4_AC_1,1,2,1,12000.0,1000,0.0,70.0
ID0348,I_5,I_5_AC_1,1,2,1,12000.0,1000,0.0,70.0
ID0348,I_6,I_6_AC_1,1,2,1,12000.0,1000,0.0,70.0
ID0348,I_7,I_7_AC_1,1,2,1,12000.0,1000,0.0,70.0
ID0356,I_4,I_4_AC_1,4,1,1,0.0,999,0.0,0.0
ID0371,I_9,I_9_AC_1,3,1,1,0.0,999,0.0,70.0
ID0376,I_2,I_2_AC_1,1,1,1,0.0,999,0.0,0.0
ID0392,I_2,I_2_AC_1,3,1,1,0.0,999,0.0,0.0
ID0392,I_3,I_3_AC_1,3,2,1,0.0,999,10.5,0.0
ID0395,I_2,I_2_AC_1,3,1,1,0.0,999,8.0,80.0
ID0395,I_5,I_5_AC_1,3,1,1,0.0,999,0.0,72.0
ID0406,I_3,I_3_AC_1,3,1,1,18.0,999,0.0,49.0
ID0406,I_4,I_4_AC_1,3,1,1,12.0,999,0.0,7.0
ID0406,I_5,I_5_AC_1,3,1,2,18.0,999,35.0,64.0
ID0406,I_6,I_6_AC_1,3,1,2,12.0,999,35.0,64.0
ID0416,I_2,I_2_AC_1,3,1,1,0.0,999,28.0,42.0
ID0417,I_1,I_1_AC_1,3,1,1,0.0,18000,0.0,0.0
ID0417,I_5,I_5_AC_1,3,1,1,0.0,999,0.0,0.0
ID0417,I_7,I_7_AC_1,3,1,1,0.0,999,0.0,0.0
ID0417,I_8,I_8_AC_1,3,1,1,0.0,999,0.0,56.0
ID0417,I_9,I_9_AC_1,3,1,1,0.0,999,0.0,56.0
ID0423,I_3,I_3_AC_1,4,1,1,0.0,999,0.0,0.0
ID0445,I_4,I_4_AC_1,3,2,2,0.0,999,0.0,0.0
ID0446,I_2,I_2_AC_1,3,1,1,0.0,12000,0.0,56.0
ID0457,I_2,I_2_AC_1,3,1,1,0.0,12000,20.0,7.0
ID0470,I_3,I_3_AC_1,3,1,1,1200.0,12000,0.0,42.0
ID0470,I_4,I_4_AC_1,3,1,1,1500.0,16000,0.0,42.0
ID0509,I_4,I_4_AC_1,1,1,1,0.0,999,0.0,0.0
ID0510,I_3,I_3_AC_1,1,2,1,12.0,999,0.0,0.0
ID0517,I_4,I_4_AC_1,3,1,1,1800.0,1800,28.0,84.0
ID0528,I_2,I_2_AC_1,3,1,1,0.0,999,0.0,0.0
ID0531,I_4,I_4_AC_1,4,1,1,0.0,12000,21.0,0.0
ID0533,I_3,I_3_AC_1,4,2,1,0.0,18000,0.0,56.0
ID0543,I_2,I_2_AC_1,3,1,1,12000.0,12000,0.0,6.0
ID0543,I_3,I_3_AC_1,3,1,1,12000.0,12000,0.0,50.0
ID0543,I_4,I_4_AC_1,3,1,1,18000.0,18000,0.0,50.0
ID0544,I_2,I_2_AC_1,3,1,1,0.0,12000,0.0,0.0
ID0544,I_3,I_3_AC_1,3,1,1,0.0,12000,14.0,3.0
ID0545,I_3,I_3_AC_1,4,2,1,0.0,999,21.0,56.0
ID0545,I_5,I_5_AC_1,4,2,1,0.0,999,0.0,42.0
ID0546,I_2,I_2_AC_1,4,1,1,2000.0,2000,0.0,0.0
ID0549,I_2,I_2_AC_1,3,1,1,0.0,10000,35.0,49.0
ID0549,I_3,I_3_AC_1,3,1,1,0.0,10000,42.0,42.0
ID0554,I_4,I_4_AC_1,3,1,2,0.0,999,0.0,0.0
ID0555,I_2,I_2_AC_1,3,1,2,1.0,12000,0.0,49.0
ID0558,I_2,I_2_AC_1,3,1,1,0.0,999,0.0,56.0
ID0558,I_3,I_3_AC_1,3,1,1,0.0,999,3.0,63.0
ID0568,I_2,I_2_AC_1,1,2,2,0.0,999,0.0,0.0
ID0571,I_2,I_2_AC_1,1,1,1,0.0,1000,0.0,7.0
ID0571,I_4,I_4_AC_1,1,1,1,12.0,1000,0.0,1.5
ID0576,I_2,I_2_AC_1,4,2,1,0.0,1000,0.0,0.0
ID0580,I_4,I_4_AC_1,3,1,1,0.0,999,0.0,0.99
ID0600,I_4,I_4_AC_1,4,1,1,1020.0,1000,0.0,49.0
ID0600,I_5,I_5_AC_1,4,1,1,1020.0,1000,0.0,49.0
ID0600,I_6,I_6_AC_1,4,1,1,1020.0,1000,0.0,49.0
ID0610,I_2,I_2_AC_1,1,1,1,0.0,999,0.0,0.0
ID0611,I_3,I_3_AC_1,4,2,1,1.0,999,0.0,0.0
ID0611,I_6,I_6_AC_1,4,2,1,0.0,999,0.0,0.0
ID0613,I_3,I_3_AC_1,1,1,1,0.0,999,0.0,5.0
ID0618,I_2,I_2_AC_1,4,1,1,0.0,9000,0.0,0.0
ID0630,I_3,I_3_AC_1,4,1,1,12.0,12000,0.0,21.0
ID0630,I_4,I_4_AC_1,4,1,1,12.0,12000,7.0,0.0
ID0632,I_2,I_2_AC_1,4,1,2,0.0,999,42.0,98.0
ID0661,I_3,I_3_AC_1,4,1,1,0.0,999,0.0,0.0
ID0671,I_12,I_12_AC_1,3,1,1,0.0,999,0.0,24.0
ID0671,I_13,I_13_AC_1,3,1,1,0.0,999,0.0,24.0
ID0686,I_2,I_2_AC_1,3,1,2,0.0,999,0.0,0.0
ID0686,I_3,I_3_AC_1,3,1,1,0.0,999,0.0,0.0
ID0686,I_4,I_4_AC_1,3,1,1,0.0,999,0.0,0.0
ID0693,I_3,I_3_AC_1,1,1,1,18.0,3000,14.0,14.0
ID0694,I_1,I_1_AC_1,6,2,3,12.0,1000,0.0,7.0
ID0694,I_2,I_2_AC_1,1,1,1,12.0,1000,0.0,7.0
ID0698,I_4,I_4_AC_1,4,2,2,0.0,999,0.0,0.0
ID0698,I_5,I_5_AC_1,4,2,2,0.0,999,0.0,0.0
ID0698,I_6,I_6_AC_1,4,2,2,0.0,999,0.0,0.0
ID0698,I_7,I_7_AC_1,4,2,2,0.0,999,0.0,0.0
ID0709,I_3,I_3_AC_1,1,1,1,2.0,12000,2.0,2.0
ID0713,I_2,I_2_AC_1,4,1,1,0.0,999,14.0,62.0
ID0731,I_3,I_3_AC_1,6,1,1,0.0,999,0.0,0.0
ID0731,I_4,I_4_AC_1,6,1,1,0.0,999,0.0,0.0
ID0733,I_4,I_4_AC_1,3,2,1,0.0,12000,7.0,84.0
ID0741,I_2,I_2_AC_1,1,1,1,18.0,999,0.0,70.0
ID0741,I_3,I_3_AC_1,1,1,1,0.0,999,0.0,70.0
ID0741,I_5,I_5_AC_1,1,1,1,18.0,999,0.0,0.0
ID0744,I_4,I_4_AC_1,3,2,1,0.0,999,0.0,1.0
ID0746,I_5,I_5_AC_1,6,2,3,12.0,1000,1.0,1.0
ID0751,I_4,I_4_AC_1,1,1,1,0.0,12000,21.0,28.0
ID0757,I_3,I_3_AC_1,4,2,1,0.0,999,0.0,0.0
ID0761,I_5,I_5_AC_1,3,1,1,0.0,12000,0.0,65.0
ID0769,I_5,I_5_AC_1,1,2,1,0.0,12000,0.0,7.0
ID0772,I_3,I_3_AC_1,3,1,1,0.0,1600,0.0,42.0
ID0772,I_4,I_4_AC_1,3,1,1,0.0,1600,0.0,0.0
ID0774,I_3,I_3_AC_1,3,1,2,0.0,999,0.0,8.0
ID0775,I_4,I_4_AC_1,3,1,1,20.0,2200,0.0,30.0
ID0775,I_5,I_5_AC_1,3,1,1,12.0,2200,0.0,35.0
ID0779,I_3,I_3_AC_1,3,1,1,0.0,999,0.0,3.5
ID0796,I_2,I_2_AC_1,3,1,1,12000.0,12000,0.0,0.0
ID0797,I_2,I_2_AC_1,4,1,1,0.0,999,0.0,0.0
ID0797,I_3,I_3_AC_1,4,1,1,0.0,999,0.0,0.0
ID0798,I_2,I_2_AC_1,4,1,1,0.0,999,0.0,2.05
ID0798,I_3,I_3_AC_1,4,1,1,0.0,999,0.0,14.0
ID0800,I_3,I_3_AC_1,3,2,2,0.0,1000,0.0,0.0
ID0803,I_5,I_5_AC_1,1,1,1,0.0,1000,0.0,0.0
ID0803,I_6,I_6_AC_1,1,2,1,12.0,1000,0.0,0.0
ID0806,I_2,I_2_AC_1,2,1,1,0.0,999,0.0,0.0
ID0806,I_4,I_4_AC_1,1,1,1,0.0,999,0.0,0.0
ID0806,I_5,I_5_AC_1,1,1,1,0.0,999,0.0,0.0
ID0810,I_1,I_1_AC_1,4,1,1,0.0,999,0.0,0.0
ID0810,I_2,I_2_AC_1,4,1,1,0.0,999,0.0,0.0
ID0814,I_2,I_2_AC_1,3,1,1,0.0,999,0.0,0.0
ID0823,I_2,I_2_AC_1,4,1,1,0.0,9000,0.0,0.0
ID0833,I_2,I_2_AC_1,3,2,1,0.0,18000,0.0,0.0
ID0833,I_2,I_2_AC_2,3,2,1,0.0,18000,0.0,0.0
ID0833,I_3,I_3_AC_1,3,2,1,0.0,10000,0.0,0.0
ID0833,I_5,I_5_AC_1,3,2,1,0.0,10000,0.0,35.0
ID0833,I_6,I_6_AC_1,3,2,1,0.0,10000,0.0,0.0
ID0833,I_7,I_7_AC_1,3,2,1,0.0,10000,0.0,0.0
ID0833,I_Oth_1,I_Oth_1_AC_1,3,2,1,0.0,8000,0.0,0.0
ID0834,I_4,I_4_AC_1,3,1,1,0.0,1000,0.0,0.0
ID0834,I_6,I_6_AC_1,3,2,1,0.0,1000,0.0,0.0
ID0840,I_7,I_7_AC_1,3,1,2,0.0,999,0.0,60.0
ID0841,I_3,I_3_AC_1,3,1,1,0.0,12000,0.0,0.0
ID0841,I_4,I_4_AC_1,3,1,1,0.0,12000,0.0,0.0
ID0841,I_6,I_6_AC_1,3,1,1,0.0,12000,0.0,28.0
ID0841,I_7,I_7_AC_1,3,1,1,0.0,12000,0.0,35.0
ID0841,I_8,I_8_AC_1,3,1,1,0.0,12000,0.0,5.0
ID0846,I_1,I_1_AC_1,1,2,1,0.0,999,0.0,0.0
ID0846,I_3,I_3_AC_1,1,2,1,0.0,999,0.0,0.0
ID0846,I_4,I_4_AC_1,1,2,1,0.0,999,0.0,0.0
ID0846,I_5,I_5_AC_1,1,2,1,0.0,999,0.0,0.0
ID0846,I_6,I_6_AC_1,1,2,1,0.0,999,0.0,0.0
ID0846,I_7,I_7_AC_1,1,2,1,0.0,999,0.0,0.0
ID0864,I_3,I_3_AC_1,3,2,1,200.0,12000,0.0,21.0
ID0879,I_2,I_2_AC_1,4,1,1,0.0,1800,0.0,49.0
ID0887,I_8,I_8_AC_1,1,1,1,0.0,999,0.0,0.0
ID0897,I_2,I_2_AC_1,4,2,1,0.0,9000,7.0,72.0
ID0897,I_3,I_3_AC_1,4,2,1,0.0,9000,7.0,98.0
ID0897,I_4,I_4_AC_1,4,2,1,0.0,24000,7.0,48.0
ID0899,I_6,I_6_AC_1,3,1,1,0.0,12000,0.0,14.0
ID0899,I_7,I_7_AC_1,3,1,1,0.0,12000,0.0,14.0
ID0907,I_2,I_2_AC_1,4,2,1,0.0,12000,2.0,28.0
ID0908,I_4,I_4_AC_1,3,1,1,0.0,999,0.0,7.0
ID0908,I_6,I_6_AC_1,3,1,1,0.0,999,0.0,14.0
ID0931,I_2,I_2_AC_1,3,1,1,12.0,999,0.0,7.0
ID0932,I_2,I_2_AC_1,4,1,1,0.0,999,0.0,0.0
ID0938,I_4,I_4_AC_1,3,1,2,650.0,12000,0.0,49.0
ID0954,I_2,I_2_AC_1,1,1,1,0.0,999,0.0,21.0
ID0957,I_2,I_2_AC_1,1,1,1,0.0,999,0.0,5.0
ID0957,I_3,I_3_AC_1,1,1,1,0.0,999,0.0,0.0
ID0965,I_2,I_2_AC_1,1,1,1,0.0,999,0.0,0.0
ID0965,I_3,I_3_AC_1,1,1,1,0.0,999,0.0,0.0
ID0965,I_4,I_4_AC_1,1,1,1,0.0,1000,0.0,0.0
ID0980,I_3,I_3_AC_1,3,1,1,0.0,999,0.0,35.0
ID0983,I_1,I_1_AC_1,3,2,3,0.0,18000,0.0,0.25
ID0983,I_2,I_2_AC_1,3,2,1,0.0,12000,0.0,42.0
ID0983,I_3,I_3_AC_1,3,1,1,0.0,12000,4.0,35.0
ID0983,I_4,I_4_AC_1,3,2,1,0.0,9000,0.0,0.0
ID0986,I_5,I_5_AC_1,3,1,1,0.0,12000,21.0,49.0
ID0986,I_6,I_6_AC_1,3,1,1,0.0,12000,0.0,0.0
ID0987,I_2,I_2_AC_1,3,1,1,1890.0,18000,2.0,70.0
ID0987,I_3,I_3_AC_1,3,1,1,1890.0,18000,7.0,14.0
ID1009,I_2,I_2_AC_1,3,2,2,0.0,999,0.0,0.0
ID1009,I_3,I_3_AC_1,3,1,2,0.0,999,0.0,0.0
ID1028,I_3,I_3_AC_1,4,1,1,900.0,12000,0.33,0.0
ID1028,I_4,I_4_AC_1,4,1,1,900.0,12000,0.0,0.0
ID1044,I_1,I_1_AC_1,3,2,1,0.0,999,0.0,14.0
ID1044,I_2,I_2_AC_1,3,2,1,0.0,999,0.0,70.0
ID1048,I_2,I_2_AC_1,1,1,1,0.0,1000,0.0,0.0
ID1051,I_3,I_3_AC_1,4,2,1,0.0,12000,0.0,21.0
ID1051,I_4,I_4_AC_1,3,2,1,0.0,9000,0.0,0.0
ID1054,I_2,I_2_AC_1,3,1,1,12.0,8000,0.0,0.0
ID1054,I_3,I_3_AC_1,3,2,1,20.0,8000,0.0,3.0
ID1054,I_4,I_4_AC_1,3,1,1,12.0,8000,0.0,1.0
ID1054,I_5,I_5_AC_1,3,1,1,12.0,8000,0.0,0.0
ID1078,I_2,I_2_AC_1,3,1,2,938.0,999,0.0,7.0
ID1084,I_3,I_3_AC_1,3,1,1,0.0,999,0.0,0.0
ID1094,I_2,I_2_AC_1,3,1,2,0.0,12000,0.0,0.0
ID1094,I_3,I_3_AC_1,3,1,2,0.0,9000,0.0,0.0
ID1101,I_2,I_2_AC_1,1,1,1,21.0,999,0.0,21.0
ID1101,I_3,I_3_AC_1,1,1,2,0.0,999,0.0,0.0
ID1112,I_2,I_2_AC_1,2,1,1,9000.0,9000,14.0,0.0
ID1112,I_3,I_3_AC_1,1,2,1,0.0,9000,0.0,0.0
ID1112,I_4,I_4_AC_1,2,2,1,0.0,9000,0.0,0.0
ID1114,I_2,I_2_AC_1,1,2,1,0.0,999,0.0,98.0
ID1114,I_4,I_4_AC_1,1,2,1,0.0,999,0.0,0.0
ID1132,I_2,I_2_AC_1,3,1,1,0.0,999,0.0,0.0
ID1132,I_17,I_17_AC_1,3,1,1,0.0,999,0.0,42.0
ID1132,I_18,I_18_AC_1,3,1,1,0.0,999,0.0,42.0
ID1132,I_19,I_19_AC_1,3,1,1,0.0,999,0.0,42.0
ID1132,I_Oth_3,I_Oth_3_AC_1,3,1,1,0.0,0,0.0,0.0
ID1132,I_Oth_3,I_Oth_3_AC_2,3,1,1,0.0,0,0.0,0.0
ID1142,I_13,I_13_AC_1,3,2,1,0.0,18000,0.0,28.0
ID1142,I_14,I_14_AC_1,3,2,1,0.0,12000,0.0,49.0
ID1142,I_15,I_15_AC_1,3,1,1,0.0,12000,0.0,0.0
ID1165,I_4,I_4_AC_1,3,1,1,0.0,12000,0.0,14.0
ID1165,I_5,I_5_AC_1,3,1,1,0.0,12000,0.0,0.0
ID1165,I_6,I_6_AC_1,3,1,1,0.0,12000,0.0,0.0
ID1165,I_8,I_8_AC_1,3,1,1,0.0,12000,0.0,42.0
ID1165,I_9,I_9_AC_1,3,1,1,0.0,12000,0.0,0.0
ID1165,I_10,I_10_AC_1,3,1,1,0.0,12000,0.0,42.0
ID1165,I_11,I_11_AC_1,3,1,1,0.0,12000,0.0,0.0
ID1176,I_4,I_4_AC_1,4,2,1,0.0,999,0.0,0.0
ID1184,I_2,I_2_AC_1,3,1,1,0.0,12000,0.0,15.0
ID1184,I_3,I_3_AC_1,3,1,1,0.0,12000,0.0,0.0
ID1184,I_4,I_4_AC_1,3,1,1,0.0,12000,0.0,15.0
ID1184,I_5,I_5_AC_1,2,1,1,0.0,12000,0.0,0.0
ID1184,I_13,I_13_AC_1,3,1,1,0.0,20000,0.0,0.0
ID1189,I_3,I_3_AC_1,1,1,1,12.0,1000,0.0,1.0
ID1191,I_2,I_2_AC_1,3,2,1,1080.0,12000,6.0,56.0
ID1191,I_3,I_3_AC_1,3,2,1,0.0,12000,0.0,8.0
ID1204,I_5,I_5_AC_1,3,2,1,0.0,12000,0.0,42.0
ID1214,I_1,I_1_AC_1,1,2,1,0.0,12000,0.0,42.0
ID1214,I_1,I_1_AC_2,1,2,1,0.0,12000,0.0,42.0
ID1214,I_1,I_1_AC_3,1,2,1,0.0,12000,0.0,42.0
ID1214,I_2,I_2_AC_1,1,2,1,0.0,12000,0.0,42.0
ID1214,I_2,I_2_AC_2,1,2,1,0.0,12000,0.0,42.0
ID1214,I_2,I_2_AC_3,1,2,1,0.0,12000,42.0,0.0
ID1214,I_3,I_3_AC_1,1,2,1,0.0,12000,0.0,42.0
ID1214,I_3,I_3_AC_2,1,2,1,0.0,12000,0.0,42.0
ID1214,I_3,I_3_AC_3,1,2,1,0.0,12000,0.0,42.0
ID1214,I_3,I_3_AC_4,1,2,1,0.0,12000,0.0,42.0
ID1214,I_4,I_4_AC_1,1,2,1,0.0,12000,0.0,42.0
ID1214,I_4,I_4_AC_2,1,2,1,0.0,12000,0.0,42.0
ID1214,I_4,I_4_AC_3,1,2,1,0.0,12000,0.0,42.0
ID1214,I_5,I_5_AC_1,1,2,1,0.0,12000,0.0,42.0
ID1214,I_5,I_5_AC_2,1,2,1,0.0,12000,0.0,42.0
ID1214,I_5,I_5_AC_3,1,2,1,0.0,12000,0.0,42.0
ID1214,I_6,I_6_AC_1,1,2,1,0.0,12000,0.0,42.0
ID1214,I_6,I_6_AC_2,1,2,1,0.0,12000,0.0,28.0
ID1214,I_6,I_6_AC_3,1,2,1,0.0,12000,0.0,42.0
ID1214,I_8,I_8_AC_1,1,2,1,0.0,12000,0.0,42.0
ID1214,I_8,I_8_AC_2,1,2,1,0.0,12000,0.0,42.0
ID1214,I_8,I_8_AC_3,1,2,1,0.0,12000,0.0,42.0
ID1214,I_9,I_9_AC_1,1,2,1,0.0,12000,0.0,42.0
ID1214,I_9,I_9_AC_2,1,2,1,0.0,12000,0.0,42.0
ID1214,I_9,I_9_AC_3,1,2,1,0.0,12000,0.0,42.0
ID1214,I_10,I_10_AC_1,1,2,1,0.0,12000,0.0,42.0
ID1214,I_10,I_10_AC_2,1,2,1,0.0,12000,0.0,42.0
ID1214,I_10,I_10_AC_3,1,2,1,0.0,12000,0.0,42.0
ID1216,I_2,I_2_AC_1,3,2,2,0.0,12000,0.0,7.0
ID1227,I_1,I_1_AC_1,1,2,1,0.0,999,0.0,35.0
ID1227,I_3,I_3_AC_1,1,2,1,0.0,999,28.0,56.0
ID1227,I_4,I_4_AC_1,1,2,1,0.0,999,28.0,56.0
ID1227,I_5,I_5_AC_1,1,2,1,0.0,999,28.0,56.0
ID1227,I_6,I_6_AC_1,1,2,1,0.0,999,28.0,56.0
ID1227,I_7,I_7_AC_1,1,2,1,0.0,999,28.0,56.0
ID1227,I_8,I_8_AC_1,1,2,1,0.0,999,28.0,56.0
ID1227,I_9,I_9_AC_1,1,2,1,0.0,999,28.0,56.0
ID1227,I_10,I_10_AC_1,1,2,1,0.0,999,28.0,56.0
ID1240,I_1,I_1_AC_1,2,1,2,0.0,999,0.0,0.0
ID1249,I_4,I_4_AC_1,3,1,1,0.0,999,0.0,70.0
ID1277,I_1,I_1_AC_1,6,1,1,0.0,999,0.0,0.0
ID1277,I_2,I_2_AC_1,1,1,1,0.0,999,0.0,0.0
ID1282,I_2,I_2_AC_1,3,2,1,0.0,999,0.0,0.0
ID1282,I_3,I_3_AC_1,4,1,1,6000.0,999,7.0,14.0
ID1282,I_4,I_4_AC_1,4,1,1,0.0,999,0.0,0.0
ID1287,I_4,I_4_AC_1,3,1,1,0.0,1000,0.0,0.0
ID1287,I_5,I_5_AC_1,3,1,1,0.0,16000,0.0,84.0
ID1307,I_2,I_2_AC_1,3,2,1,0.0,18000,0.0,70.0
ID1335,I_3,I_3_AC_1,1,1,1,18.0,999,7.0,21.0
ID1335,I_4,I_4_AC_1,1,1,1,18.0,999,0.0,21.0
ID1335,I_5,I_5_AC_1,1,1,1,18.0,999,7.0,21.0
ID1346,I_6,I_6_AC_1,4,1,2,0.0,1000,0.0,0.0
ID1370,I_2,I_2_AC_1,4,1,1,2000.0,24000,0.0,0.0
ID1370,I_5,I_5_AC_1,4,2,1,1000.0,9000,0.0,0.0
ID1377,I_2,I_2_AC_1,3,1,1,0.0,999,1.0,7.0
ID1377,I_11,I_11_AC_1,3,1,1,0.0,999,3.5,7.0
ID1377,I_12,I_12_AC_1,3,1,1,0.0,999,0.0,1.0
ID1378,I_11,I_11_AC_1,3,2,1,0.0,9000,0.0,21.0
ID1392,I_2,I_2_AC_1,3,1,2,12.0,999,0.0,0.0
ID1392,I_3,I_3_AC_1,3,1,2,12.0,999,0.0,3.5
ID1400,I_5,I_5_AC_1,3,1,1,0.0,999,0.0,42.0
ID1400,I_6,I_6_AC_1,3,1,1,0.0,999,0.0,0.0
ID1406,I_2,I_2_AC_1,3,2,1,0.0,999,0.0,0.0
ID1407,I_3,I_3_AC_1,4,2,1,0.0,999,0.0,4.0
ID1407,I_4,I_4_AC_1,3,1,1,0.0,999,0.0,0.0
ID1415,I_2,I_2_AC_1,3,2,2,0.0,999,0.0,0.0
ID1415,I_11,I_11_AC_1,3,2,1,0.0,999,0.0,0.0
ID1420,I_3,I_3_AC_1,3,1,1,2000.0,999,0.0,0.0
ID1429,I_2,I_2_AC_1,4,1,1,0.0,999,0.0,0.0
ID1438,I_3,I_3_AC_1,4,1,1,0.0,999,0.0,0.0
ID1454,I_3,I_3_AC_1,3,1,1,0.0,999,0.0,0.0
ID1458,I_4,I_4_AC_1,3,1,1,0.0,999,0.0,36.0
ID1472,I_3,I_3_AC_1,3,1,1,0.0,5000,0.0,0.0
ID1472,I_4,I_4_AC_1,3,1,1,0.0,5000,0.0,0.0
ID1472,I_5,I_5_AC_1,3,1,1,0.0,5000,0.0,0.0
ID1480,I_2,I_2_AC_1,3,1,1,0.0,1000,0.0,42.0
ID1480,I_3,I_3_AC_1,3,1,1,0.0,1000,0.0,0.0
ID1484,I_5,I_5_AC_1,3,1,1,0.0,999,0.0,3.0
ID1484,I_6,I_6_AC_1,3,1,1,0.0,999,0.0,2.0
ID1484,I_7,I_7_AC_1,3,1,1,0.0,999,0.0,3.0
ID1521,I_3,I_3_AC_1,3,1,1,24.0,999,70.0,98.0
ID1521,I_4,I_4_AC_1,3,2,1,24.0,999,0.0,28.0
ID1521,I_5,I_5_AC_1,3,1,1,24.0,999,0.0,2.0
ID1521,I_6,I_6_AC_1,3,1,1,24.0,999,48.0,80.0
ID1521,I_7,I_7_AC_1,3,1,1,24.0,999,0.0,0.0
ID1541,I_3,I_3_AC_1,1,1,1,0.0,999,0.0,28.0
ID1559,I_3,I_3_AC_1,3,1,1,900.0,1000,0.0,21.0
ID1581,I_2,I_2_AC_1,3,1,2,13.0,9000,42.0,42.0
ID1581,I_3,I_3_AC_1,3,1,2,13.0,9000,0.0,0.0
ID1581,I_6,I_6_AC_1,3,1,2,13.0,9000,0.0,0.0
ID1583,I_4,I_4_AC_1,1,1,1,0.0,999,0.0,0.0
ID1583,I_5,I_5_AC_1,1,1,1,0.0,999,0.0,14.0
ID1588,I_6,I_6_AC_1,3,2,1,0.0,1000,0.0,12.0
ID1600,I_3,I_3_AC_1,2,1,2,0.0,999,2.0,2.0
ID1603,I_2,I_2_AC_1,4,1,1,25.0,9000,0.0,21.0
ID1603,I_3,I_3_AC_1,1,2,1,25.0,9000,0.0,0.0
ID1604,I_3,I_3_AC_1,3,1,1,0.0,12000,0.0,56.0
ID1605,I_4,I_4_AC_1,1,1,1,0.0,1000,0.0,0.0
ID1605,I_7,I_7_AC_1,1,1,1,20.0,1000,0.0,0.0
ID1613,I_4,I_4_AC_1,1,1,1,30.0,1000,0.0,0.0
ID1622,I_2,I_2_AC_1,1,1,1,0.0,12000,0.0,0.0
ID1622,I_3,I_3_AC_1,1,1,1,0.0,12000,0.0,98.0
ID1630,I_3,I_3_AC_1,3,1,2,0.0,8000,0.0,0.0
ID1630,I_4,I_4_AC_1,3,1,2,0.0,24000,0.0,0.0
ID1642,I_11,I_11_AC_1,3,1,1,0.0,12000,0.0,0.0
ID1646,I_2,I_2_AC_1,3,2,1,0.0,999,0.0,35.0
ID1657,I_6,I_6_AC_1,3,1,1,0.0,999,0.0,0.0
ID1658,I_3,I_3_AC_1,4,2,1,0.0,12000,0.0,0.0
ID1658,I_4,I_4_AC_1,4,2,1,0.0,12000,0.0,28.0
ID1658,I_5,I_5_AC_1,4,2,1,0.0,18000,0.0,14.0
ID1666,I_2,I_2_AC_1,5,1,1,0.0,1000,4.0,35.0
ID1666,I_3,I_3_AC_1,5,1,1,0.0,1000,0.0,14.0
ID1669,I_4,I_4_AC_1,4,1,1,0.0,1000,0.0,0.0
ID1676,I_11,I_11_AC_1,3,1,1,0.0,999,3.0,70.0
ID1676,I_13,I_13_AC_1,3,1,1,0.0,999,0.0,0.0
ID1678,I_2,I_2_AC_1,3,2,1,0.0,999,7.0,7.0
ID1679,I_2,I_2_AC_1,4,2,1,12.0,12000,4.0,85.0
ID1679,I_3,I_3_AC_1,4,2,1,0.0,9000,21.0,86.0
ID1681,I_2,I_2_AC_1,4,1,1,0.0,999,0.0,0.0
ID1681,I_3,I_3_AC_1,4,1,1,0.0,999,0.0,0.0
ID1683,I_2,I_2_AC_1,4,1,1,0.0,999,0.0,0.0
ID1684,I_3,I_3_AC_1,4,2,1,18.0,999,7.0,35.0
ID1684,I_4,I_4_AC_1,5,1,1,18.0,999,0.0,28.0
ID1684,I_5,I_5_AC_1,5,1,1,18.0,999,0.0,14.0
ID1686,I_4,I_4_AC_1,3,1,1,0.0,999,0.0,0.0
ID1705,I_2,I_2_AC_1,4,1,1,0.0,999,0.0,7.0
ID1708,I_2,I_2_AC_1,4,1,1,0.0,999,0.0,0.0
ID1718,I_1,I_1_AC_1,4,1,1,0.0,999,0.0,0.0
ID1718,I_2,I_2_AC_1,1,1,1,20.0,999,0.0,35.0
ID1718,I_3,I_3_AC_1,4,1,1,12.0,999,21.0,35.0
ID1718,I_4,I_4_AC_1,3,1,1,12.0,999,0.0,0.0
ID1722,I_2,I_2_AC_1,3,1,1,5.0,999,2.0,35.0
ID1725,I_2,I_2_AC_1,3,2,1,0.0,999,0.0,0.0
ID1743,I_1,I_1_AC_1,3,1,3,0.0,999,0.0,0.0
ID1743,I_2,I_2_AC_1,3,1,1,0.0,999,0.0,0.0
ID1743,I_3,I_3_AC_1,3,1,1,0.0,999,0.0,42.0
ID1743,I_4,I_4_AC_1,3,1,1,0.0,999,0.0,42.0
ID1743,I_5,I_5_AC_1,3,1,1,0.0,999,0.0,0.0
ID1747,I_3,I_3_AC_1,3,1,1,0.0,999,0.0,28.0
ID1747,I_4,I_4_AC_1,4,1,1,0.0,999,7.0,0.0
ID1747,I_5,I_5_AC_1,4,1,1,0.0,999,7.0,0.0
ID1747,I_6,I_6_AC_1,4,1,1,0.0,999,0.0,28.0
ID1753,I_5,I_5_AC_1,3,2,1,0.0,12000,0.0,0.0
ID1762,I_5,I_5_AC_1,3,1,1,0.0,9000,0.0,0.0
ID1762,I_13,I_13_AC_1,3,1,1,0.0,9000,0.0,0.0
ID1762,I_14,I_14_AC_1,3,1,1,0.0,9000,0.0,0.0
ID1764,I_3,I_3_AC_1,3,2,1,0.0,9000,0.0,0.0
ID1770,I_3,I_3_AC_1,6,2,1,0.0,999,0.0,0.0
ID1770,I_4,I_4_AC_1,3,2,1,0.0,999,0.0,0.0
ID1771,I_3,I_3_AC_1,3,2,1,12.0,12000,0.5,3.5
ID1773,I_14,I_14_AC_1,3,2,1,0.0,18000,0.0,56.0
ID1773,I_15,I_15_AC_1,3,2,1,0.0,18000,0.0,0.0
ID1778,I_3,I_3_AC_1,3,2,1,0.0,999,0.0,70.0
ID1790,I_13,I_13_AC_1,3,1,1,0.0,24000,0.0,42.0
ID1790,I_14,I_14_AC_1,3,1,1,0.0,24000,0.0,0.0
ID1790,I_15,I_15_AC_1,3,1,1,0.0,12000,0.0,0.0
ID1791,I_2,I_2_AC_1,4,2,1,230.0,999,7.0,1.0
ID1797,I_16,I_16_AC_1,4,1,1,25.0,999,0.0,0.0
ID1799,I_2,I_2_AC_1,4,1,1,0.0,999,0.0,7.0
ID1809,I_3,I_3_AC_1,4,1,1,0.0,999,2.0,0.0
ID1816,I_1,I_1_AC_1,1,1,1,0.0,999,0.0,0.0
ID1816,I_1,I_1_AC_2,1,1,1,0.0,0,0.0,0.0
ID1816,I_1,I_1_AC_3,1,1,1,0.0,0,0.0,0.0
ID1816,I_2,I_2_AC_1,1,2,1,0.0,999,0.0,0.0
ID1816,I_2,I_2_AC_2,1,1,1,0.0,0,0.0,0.0
ID1816,I_2,I_2_AC_3,1,1,1,0.0,0,0.0,0.0
ID1816,I_3,I_3_AC_1,1,1,1,0.0,999,0.0,0.0
ID1816,I_3,I_3_AC_2,1,1,1,0.0,0,0.0,0.0
ID1816,I_3,I_3_AC_3,1,1,1,0.0,0,0.0,0.0
ID1816,I_4,I_4_AC_1,1,1,1,0.0,999,0.0,0.0
ID1816,I_4,I_4_AC_2,1,1,1,0.0,0,0.0,0.0
ID1816,I_4,I_4_AC_3,1,1,1,0.0,0,0.0,0.0
ID1816,I_5,I_5_AC_1,1,1,1,0.0,999,0.0,0.0
ID1816,I_5,I_5_AC_2,1,1,1,0.0,0,0.0,0.0
ID1816,I_5,I_5_AC_3,1,1,1,0.0,0,0.0,0.0
ID1816,I_6,I_6_AC_1,1,1,1,0.0,999,0.0,0.0
ID1816,I_6,I_6_AC_2,1,1,1,0.0,0,0.0,0.0
ID1816,I_6,I_6_AC_3,1,1,1,0.0,0,0.0,0.0
ID1816,I_7,I_7_AC_1,1,1,1,0.0,999,0.0,0.0
ID1816,I_7,I_7_AC_2,1,1,1,0.0,0,0.0,0.0
ID1816,I_7,I_7_AC_3,1,1,1,0.0,0,0.0,0.0
ID1816,I_8,I_8_AC_1,1,1,1,0.0,999,0.0,0.0
ID1816,I_8,I_8_AC_2,1,1,1,0.0,0,0.0,0.0
ID1816,I_8,I_8_AC_3,1,1,1,0.0,0,0.0,0.0
ID1818,I_3,I_3_AC_1,4,1,2,33.0,999,0.0,42.0
ID1818,I_4,I_4_AC_1,4,1,1,33.0,999,0.0,7.0
ID1818,I_5,I_5_AC_1,4,1,1,0.0,999,0.0,0.0
ID1836,I_2,I_2_AC_1,3,1,2,20.0,999,14.0,21.0
ID1848,I_3,I_3_AC_1,3,2,1,0.0,999,0.0,1.0
ID1849,I_2,I_2_AC_1,3,1,1,0.0,999,0.0,0.0
ID1857,I_4,I_4_AC_1,3,2,2,0.0,999,0.0,3.0
ID1858,I_4,I_4_AC_1,3,1,1,0.0,999,0.0,40.0
ID1873,I_2,I_2_AC_1,3,1,1,0.0,18000,0.0,42.0
ID1880,I_2,I_2_AC_1,3,1,1,0.0,9000,0.0,0.0
ID1881,I_4,I_4_AC_1,3,2,2,0.0,999,0.0,0.0
ID1895,I_2,I_2_AC_1,4,1,1,0.0,999,0.0,6.0
ID1914,I_4,I_4_AC_1,4,1,1,0.0,999,0.0,0.0
ID1942,I_2,I_2_AC_1,4,1,1,18.0,999,0.0,4.0
ID1945,I_3,I_3_AC_1,4,1,1,0.0,999,0.0,0.0
ID1950,I_3,I_3_AC_1,1,1,1,24.0,1000,0.0,56.0
ID1950,I_4,I_4_AC_1,1,1,1,24.0,1000,0.0,56.0
ID1950,I_5,I_5_AC_1,1,1,1,12.0,1000,0.0,56.0
ID1956,I_3,I_3_AC_1,3,1,1,0.0,12000,0.0,56.0
ID1956,I_5,I_5_AC_1,3,1,2,0.0,12000,0.0,0.0
ID1956,I_6,I_6_AC_1,3,1,1,0.0,12000,0.0,70.0
ID1965,I_2,I_2_AC_1,4,1,3,18000.0,1000,0.0,0.0
ID1965,I_4,I_4_AC_1,4,1,3,18000.0,1000,0.0,0.0
ID1969,I_2,I_2_AC_1,4,1,1,0.0,999,7.0,42.0
ID1969,I_3,I_3_AC_1,4,1,1,0.0,999,0.0,42.0
ID1969,I_4,I_4_AC_1,4,1,1,0.0,999,0.0,49.0
ID1978,I_2,I_2_AC_1,4,2,1,0.0,999,14.0,14.0
ID1986,I_5,I_5_AC_1,3,2,1,0.0,999,0.0,14.0
ID1986,I_6,I_6_AC_1,3,2,1,0.0,999,0.0,14.0
ID1992,I_2,I_2_AC_1,3,1,1,0.0,12000,12.0,6.0
ID2008,I_3,I_3_AC_1,4,2,1,0.0,999,21.0,49.0
ID2011,I_4,I_4_AC_1,3,1,1,12.0,999,0.0,5.0
ID2011,I_5,I_5_AC_1,3,1,1,0.0,999,0.5,0.0
ID2017,I_2,I_2_AC_1,1,1,1,0.0,999,7.0,14.0
ID2017,I_4,I_4_AC_1,1,1,1,0.0,999,0.0,14.0
ID2017,I_5,I_5_AC_1,1,1,1,0.0,999,0.0,0.0
ID2017,I_6,I_6_AC_1,1,1,1,0.0,999,0.0,14.0
ID2023,I_5,I_5_AC_1,3,2,1,0.0,999,0.0,7.0
ID2027,I_2,I_2_AC_1,3,1,1,0.0,999,0.0,0.0
ID2027,I_5,I_5_AC_1,3,1,1,0.0,12000,0.0,0.0
ID2027,I_6,I_6_AC_1,3,1,1,0.0,12000,0.0,0.0
ID2042,I_2,I_2_AC_1,3,1,1,0.0,12000,0.0,14.0
ID2042,I_6,I_6_AC_1,3,1,1,0.0,12000,0.0,14.0
ID2042,I_7,I_7_AC_1,3,1,1,0.0,12000,0.0,7.0
ID2042,I_8,I_8_AC_1,3,1,1,0.0,12000,0.0,28.0
ID2047,I_3,I_3_AC_1,1,1,1,12.0,1000,0.0,0.0
ID2052,I_2,I_2_AC_1,4,1,1,0.0,999,0.0,21.0
ID2057,I_12,I_12_AC_1,4,1,1,999.0,9999,3.0,0.0
ID2058,I_4,I_4_AC_1,4,1,1,0.0,999,0.0,7.0
ID2072,I_1,I_1_AC_1,1,2,1,55.0,999,0.0,30.0
ID2072,I_1,I_1_AC_2,1,2,1,55.0,0,0.0,30.0
ID2072,I_1,I_1_AC_3,1,2,1,55.0,0,0.0,30.0
ID2072,I_2,I_2_AC_1,1,2,1,55.0,999,0.0,30.0
ID2072,I_2,I_2_AC_2,1,2,1,55.0,0,0.0,30.0
ID2072,I_2,I_2_AC_3,1,2,1,55.0,0,0.0,30.0
ID2072,I_3,I_3_AC_1,1,2,1,55.0,999,0.0,30.0
ID2072,I_3,I_3_AC_2,1,2,1,55.0,0,0.0,30.0
ID2072,I_3,I_3_AC_3,1,2,1,55.0,0,0.0,30.0
ID2072,I_4,I_4_AC_1,1,2,1,55.0,999,0.0,30.0
ID2072,I_4,I_4_AC_2,1,2,1,55.0,0,0.0,30.0
ID2072,I_4,I_4_AC_3,1,2,1,55.0,0,0.0,0.0
ID2072,I_5,I_5_AC_1,1,2,1,55.0,999,0.0,35.0
ID2072,I_5,I_5_AC_2,1,2,1,55.0,0,0.0,30.0
ID2072,I_5,I_5_AC_3,1,2,1,55.0,0,0.0,35.0
ID2072,I_6,I_6_AC_1,1,2,1,55.0,999,0.0,30.0
ID2072,I_6,I_6_AC_2,1,2,1,55.0,0,0.0,30.0
ID2072,I_6,I_6_AC_3,1,2,1,0.0,0,0.0,35.0
ID2072,I_7,I_7_AC_1,1,2,1,55.0,999,0.0,30.0
ID2072,I_7,I_7_AC_2,1,2,1,55.0,0,0.0,30.0
ID2072,I_7,I_7_AC_3,1,2,1,55.0,0,0.0,30.0
ID2072,I_8,I_8_AC_1,1,2,1,55.0,999,0.0,30.0
ID2072,I_8,I_8_AC_2,1,2,1,55.0,0,0.0,30.0
ID2072,I_8,I_8_AC_3,1,2,1,55.0,0,0.0,0.0
ID2076,I_2,I_2_AC_1,5,2,1,0.0,41000,0.0,14.0
ID2076,I_3,I_3_AC_1,5,2,1,8000.0,8000,0.0,0.75
ID2076,I_4,I_4_AC_1,5,2,1,8000.0,8000,0.0,0.5
ID2077,I_2,I_2_AC_1,3,1,1,0.0,12000,0.0,14.0
ID2077,I_3,I_3_AC_1,3,1,1,0.0,12000,0.0,14.0
ID2077,I_7,I_7_AC_1,3,1,1,0.0,12000,0.0,56.0
ID2077,I_8,I_8_AC_1,3,1,1,0.0,12000,0.0,2.0
ID2080,I_2,I_2_AC_1,4,1,1,0.0,1000,0.0,0.0
ID2080,I_3,I_3_AC_1,4,1,1,0.0,1000,0.0,0.0
ID2081,I_2,I_2_AC_1,3,1,1,0.0,999,0.0,0.0
ID2095,I_2,I_2_AC_1,3,1,2,0.0,999,7.0,7.0
ID2095,I_3,I_3_AC_1,3,1,2,0.0,999,0.0,14.0
ID2095,I_4,I_4_AC_1,3,1,2,0.0,999,0.0,0.0
ID2127,I_1,I_1_AC_1,6,2,3,0.0,999,0.0,0.0
ID2137,I_2,I_2_AC_1,3,1,1,0.0,999,0.0,14.0
ID2140,I_3,I_3_AC_1,3,1,2,0.0,999,3.5,10.5
ID2140,I_5,I_5_AC_1,3,1,2,0.0,999,7.0,10.5
ID2140,I_7,I_7_AC_1,3,1,2,0.0,999,0.0,3.5
ID2149,I_2,I_2_AC_1,3,2,1,0.0,999,0.0,14.0
ID2149,I_3,I_3_AC_1,3,2,1,0.0,999,0.0,14.0
ID2149,I_4,I_4_AC_1,3,2,1,0.0,999,0.0,14.0
ID2153,I_2,I_2_AC_1,3,1,1,9000.0,9000,0.0,49.0
ID2161,I_3,I_3_AC_1,4,2,1,0.0,12000,6.0,35.0
ID2163,I_2,I_2_AC_1,1,1,1,25.0,1000,0.0,14.0
ID2167,I_3,I_3_AC_1,3,2,1,0.0,12000,0.0,42.0
ID2167,I_4,I_4_AC_1,3,2,1,0.0,12000,0.0,7.0
ID2167,I_10,I_10_AC_1,3,2,1,0.0,12000,0.0,0.0
ID2175,I_6,I_6_AC_1,3,1,1,0.0,999,0.0,0.0
ID2179,I_2,I_2_AC_1,4,1,1,12.0,999,0.0,0.0
ID2184,I_4,I_4_AC_1,3,1,1,0.0,999,0.0,9.0
ID2187,I_2,I_2_AC_1,3,1,1,0.0,999,0.0,98.0
ID2187,I_3,I_3_AC_1,1,1,1,0.0,999,0.0,98.0
ID2194,I_6,I_6_AC_1,3,1,1,0.0,15000,0.0,77.0
ID2194,I_10,I_10_AC_1,3,1,1,0.0,12000,0.0,0.0
ID2198,I_2,I_2_AC_1,3,1,1,0.0,999,0.0,3.05
ID2209,I_2,I_2_AC_1,4,1,1,0.0,1000,0.0,14.0
ID2209,I_3,I_3_AC_1,4,1,1,400.0,1000,0.0,0.0
ID2209,I_11,I_11_AC_1,4,1,1,40.0,1000,0.0,0.0
ID2215,I_3,I_3_AC_1,4,1,1,0.0,999,0.0,0.5
ID2217,I_4,I_4_AC_1,3,2,1,0.0,999,0.0,7.0
ID2218,I_3,I_3_AC_1,3,1,1,0.0,999,0.0,1.0
ID2220,I_2,I_2_AC_1,4,2,2,9.0,999,1.0,1.0
ID2220,I_3,I_3_AC_1,3,2,1,9.0,999,0.0,3.0
ID2220,I_4,I_4_AC_1,3,2,2,9.0,999,0.0,5.0
ID2220,I_5,I_5_AC_1,3,2,2,9.0,999,0.0,7.0
ID2220,I_6,I_6_AC_1,3,2,2,9.0,999,0.0,1.0
ID2221,I_3,I_3_AC_1,3,2,2,0.0,24000,0.0,0.5
ID2221,I_4,I_4_AC_1,3,2,2,0.0,24000,0.0,0.5
ID2221,I_5,I_5_AC_1,3,2,2,0.0,24000,0.0,0.0
ID2221,I_6,I_6_AC_1,3,2,2,0.0,12000,0.0,1.5
ID2223,I_2,I_2_AC_1,3,1,1,0.0,12000,0.0,14.0
ID2223,I_3,I_3_AC_1,3,1,1,0.0,12000,0.0,0.0
ID2223,I_15,I_15_AC_1,3,1,1,0.0,12000,0.0,0.0
ID2223,I_16,I_16_AC_1,3,1,1,0.0,12000,0.0,0.0
ID2226,I_2,I_2_AC_1,3,1,1,0.0,999,0.0,8.0
ID2229,I_1,I_1_AC_1,4,2,3,1100.0,12000,0.0,0.0
ID2229,I_3,I_3_AC_1,4,2,3,1100.0,12000,0.0,56.0
ID2229,I_4,I_4_AC_1,4,2,3,1100.0,12000,0.0,56.0
ID2229,I_5,I_5_AC_1,4,2,3,1100.0,12000,0.0,56.0
ID2229,I_6,I_6_AC_1,4,2,3,1100.0,12000,0.0,56.0
ID2230,I_6,I_6_AC_1,4,2,1,9000.0,999,14.0,56.0
ID2237,I_2,I_2_AC_1,3,1,1,9000.0,1000,7.0,7.0
ID2246,I_2,I_2_AC_1,4,2,1,0.0,12000,0.0,0.0
ID2246,I_3,I_3_AC_1,4,2,1,0.0,12000,0.0,0.0
ID2246,I_4,I_4_AC_1,4,2,1,0.0,12000,0.0,0.0
ID2246,I_5,I_5_AC_1,4,2,1,0.0,999,14.0,28.0
ID2246,I_6,I_6_AC_1,4,2,1,0.0,999,0.0,0.0
ID2248,I_3,I_3_AC_1,3,2,1,0.0,9000,2.0,21.0
ID2249,I_3,I_3_AC_1,1,1,1,12.0,1000,0.0,21.0
ID2251,I_5,I_5_AC_1,3,1,2,0.0,999,0.0,56.0
ID2256,I_3,I_3_AC_1,3,1,2,0.0,12000,28.0,21.0
ID2262,I_4,I_4_AC_1,4,1,1,0.0,999,0.0,35.0
ID2270,I_2,I_2_AC_1,3,1,1,0.0,9000,0.0,0.0
ID2270,I_3,I_3_AC_1,3,1,1,0.0,9000,0.0,49.0
ID2270,I_4,I_4_AC_1,3,1,1,0.0,9000,0.0,0.0
ID2270,I_5,I_5_AC_1,3,1,1,0.0,9000,0.0,0.0
ID2270,I_6,I_6_AC_1,3,1,1,0.0,9000,0.0,0.0
ID2278,I_3,I_3_AC_1,3,2,1,1500.0,9000,0.0,63.0
ID2293,I_1,I_1_AC_1,1,2,2,90.0,9000,0.0,0.0
ID2312,I_3,I_3_AC_1,4,1,1,15.0,1000,21.0,0.0
ID2313,I_3,I_3_AC_1,3,1,1,0.0,999,0.0,7.0
ID2313,I_4,I_4_AC_1,3,1,1,0.0,999,0.0,14.0
ID2313,I_5,I_5_AC_1,3,1,1,0.0,999,0.0,14.0
ID2317,I_3,I_3_AC_1,4,1,1,0.0,13000,4.0,49.0
ID2317,I_4,I_4_AC_1,4,1,1,12000.0,12000,0.0,0.0
ID2323,I_2,I_2_AC_1,3,1,1,0.0,999,0.0,1.75
ID2323,I_3,I_3_AC_1,3,1,1,0.0,999,0.0,21.0
ID2335,I_3,I_3_AC_1,3,1,2,0.0,999,5.0,15.0
ID2338,I_2,I_2_AC_1,3,1,1,12000.0,12000,0.0,0.0
ID2338,I_3,I_3_AC_1,3,1,1,12000.0,12000,0.0,0.0
ID2350,I_2,I_2_AC_1,1,2,1,0.0,18000,0.0,7.0
ID2363,I_4,I_4_AC_1,3,1,1,0.0,999,0.0,2.0
ID2363,I_5,I_5_AC_1,3,1,1,0.0,999,0.0,0.0
ID2366,I_3,I_3_AC_1,3,1,1,12.0,12000,0.0,3.0
ID2377,I_2,I_2_AC_1,4,1,1,0.0,999,0.0,0.0
ID2388,I_3,I_3_AC_1,3,1,1,0.0,10000,0.0,21.0
ID2388,I_4,I_4_AC_1,3,1,1,0.0,10000,0.0,0.0
ID2391,I_2,I_2_AC_1,3,1,1,0.0,12000,0.0,21.0
ID2391,I_3,I_3_AC_1,3,1,1,0.0,12000,0.0,14.0
ID2416,I_3,I_3_AC_1,3,1,1,0.0,1000,0.0,63.0
ID2418,I_2,I_2_AC_1,3,1,1,0.0,999,0.0,0.0
ID2420,I_5,I_5_AC_1,4,1,1,0.0,999,0.0,50.0
ID2420,I_6,I_6_AC_1,3,1,1,0.0,999,0.0,3.0
ID2420,I_8,I_8_AC_1,1,1,1,0.0,999,7.0,0.0
ID2425,I_2,I_2_AC_1,3,1,1,15.0,80000,0.0,35.0
ID2425,I_3,I_3_AC_1,3,1,1,15.0,80000,0.0,35.0
ID2425,I_4,I_4_AC_1,3,1,1,15.0,80000,0.0,14.0
ID2439,I_2,I_2_AC_1,3,1,1,0.0,999,0.0,7.0
ID2448,I_4,I_4_AC_1,4,1,1,0.0,9000,0.0,14.0
ID2450,I_1,I_1_AC_1,4,1,1,0.0,24000,0.0,0.0
ID2450,I_2,I_2_AC_1,4,1,1,12000.0,999,0.0,2.0
ID2450,I_3,I_3_AC_1,4,1,1,0.0,12000,0.0,0.0
ID2450,I_4,I_4_AC_1,4,1,1,12000.0,999,0.0,4.0
ID2450,I_5,I_5_AC_1,4,1,1,12000.0,999,0.0,2.0
ID2470,I_4,I_4_AC_1,4,1,1,5.0,999,8.0,5.0
ID2472,I_2,I_2_AC_1,3,2,1,0.0,12000,0.0,49.0
ID2472,I_3,I_3_AC_1,3,2,1,0.0,9000,21.0,0.0
ID2472,I_4,I_4_AC_1,3,2,1,0.0,9000,0.0,0.0
ID2480,I_1,I_1_AC_1,3,1,1,0.0,1000,0.0,28.0
ID2480,I_2,I_2_AC_1,3,1,1,12000.0,12000,0.0,56.0
ID2480,I_3,I_3_AC_1,3,1,1,0.0,18000,0.0,56.0
ID2480,I_5,I_5_AC_1,3,1,1,0.0,12000,0.0,28.0
ID2486,I_2,I_2_AC_1,3,2,1,9000.0,9000,0.0,49.0
ID2494,I_4,I_4_AC_1,3,2,1,0.0,10000,0.0,0.0
ID2503,I_2,I_2_AC_1,4,1,1,0.0,9000,0.0,35.0
ID2522,I_2,I_2_AC_1,3,1,1,0.0,999,0.0,0.25
ID2526,I_4,I_4_AC_1,4,1,1,1100.0,10000,0.0,49.0
ID2526,I_5,I_5_AC_1,3,1,1,1100.0,10000,0.0,49.0
ID2533,I_4,I_4_AC_1,3,1,3,0.0,999,0.0,16.0
ID2534,I_3,I_3_AC_1,2,2,1,0.0,12000,0.0,0.0
ID2534,I_5,I_5_AC_1,2,2,1,0.0,9000,0.0,0.0
ID2553,I_2,I_2_AC_1,3,1,1,0.0,999,0.0,0.0
ID2559,I_2,I_2_AC_1,3,1,1,0.0,999,0.0,63.0
ID2568,I_2,I_2_AC_1,4,1,1,12.0,999,0.0,7.0
ID2584,I_4,I_4_AC_1,3,2,1,0.0,999,0.0,7.0
ID2584,I_5,I_5_AC_1,3,2,1,0.0,999,0.0,0.0
ID2588,I_3,I_3_AC_1,3,1,1,0.0,12000,0.0,0.0
ID2588,I_4,I_4_AC_1,3,1,1,0.0,12000,0.0,0.0
ID2596,I_2,I_2_AC_1,3,2,1,0.0,999,1.0,1.0
ID2597,I_4,I_4_AC_1,3,1,1,0.0,12000,0.0,28.0
ID2606,I_2,I_2_AC_1,2,1,3,0.0,999,0.0,56.0
ID2614,I_5,I_5_AC_1,3,1,1,0.0,999,0.0,84.0
ID2620,I_2,I_2_AC_1,2,2,1,0.0,999,0.0,0.0
ID2621,I_2,I_2_AC_1,1,1,1,0.0,999,35.0,21.0
ID2622,I_2,I_2_AC_1,1,1,1,0.0,1000,0.0,7.0
ID2632,I_5,I_5_AC_1,3,2,1,15.0,9000,0.0,0.0
ID2650,I_2,I_2_AC_1,4,2,1,0.0,999,0.0,0.0
ID2660,I_1,I_1_AC_1,1,2,1,5800.0,6000,0.0,0.0
ID2660,I_2,I_2_AC_1,1,2,1,1800.0,12000,0.0,42.0
ID2660,I_3,I_3_AC_1,1,2,1,1800.0,12000,0.0,0.0
ID2660,I_4,I_4_AC_1,1,2,1,1800.0,12000,0.0,0.0
ID2660,I_5,I_5_AC_1,1,2,1,1800.0,12000,0.0,0.0
ID2660,I_10,I_10_AC_1,1,2,1,5000.0,60000,0.0,0.0
ID2660,I_11,I_11_AC_1,2,1,1,5000.0,60000,0.0,9.0
ID2660,I_Oth_1,I_Oth_1_AC_1,1,2,1,2500.0,0,0.0,2.0
ID2681,I_3,I_3_AC_1,3,2,1,0.0,999,0.0,0.0
ID2681,I_5,I_5_AC_1,3,1,1,0.0,999,0.0,3.5
ID2681,I_7,I_7_AC_1,3,1,1,0.0,999,0.0,0.0
ID2681,I_8,I_8_AC_1,3,1,1,0.0,999,0.0,1.0
ID2696,I_3,I_3_AC_1,3,1,2,0.0,999,0.0,0.0
ID2699,I_2,I_2_AC_1,3,1,1,0.0,999,0.0,42.0
ID2718,I_3,I_3_AC_1,3,2,1,12000.0,1000,0.0,0.0
ID2726,I_5,I_5_AC_1,1,2,1,25.0,1000,0.0,0.0
ID2726,I_6,I_6_AC_1,1,2,1,25.0,1000,0.0,0.0
ID2735,I_4,I_4_AC_1,3,1,1,0.0,9000,0.0,0.0
ID2735,I_6,I_6_AC_1,3,1,3,0.0,9000,0.0,0.0
ID2735,I_7,I_7_AC_1,3,1,3,9000.0,9000,0.0,0.0
ID2746,I_3,I_3_AC_1,1,1,1,0.0,999,0.0,0.0
ID2746,I_4,I_4_AC_1,1,1,1,0.0,999,2.0,0.0
ID2759,I_5,I_5_AC_1,3,1,1,9000.0,9000,0.0,56.0
ID2766,I_3,I_3_AC_1,4,1,1,0.0,999,0.0,0.0
ID2770,I_2,I_2_AC_1,3,1,1,0.0,2000,0.0,14.0
ID2770,I_3,I_3_AC_1,3,1,1,0.0,2000,0.0,21.0
ID2770,I_4,I_4_AC_1,3,1,1,0.0,9000,0.0,21.0
ID2774,I_1,I_1_AC_1,1,1,1,0.0,8000,2.0,0.0
ID2774,I_3,I_3_AC_1,2,1,1,0.0,2000,14.0,42.0
ID2774,I_5,I_5_AC_1,4,1,1,0.0,2000,0.0,7.0
ID2778,I_2,I_2_AC_1,3,1,1,1200.0,14000,14.0,0.0
ID2778,I_4,I_4_AC_1,3,1,1,1200.0,12000,70.0,84.0
ID2778,I_5,I_5_AC_1,3,1,1,1200.0,12000,0.0,70.0
ID2780,I_4,I_4_AC_1,4,1,1,0.0,999,0.0,0.0
ID2780,I_5,I_5_AC_1,4,1,1,0.0,999,0.0,2.0
ID2781,I_4,I_4_AC_1,4,1,1,1200.0,12000,0.0,21.0
ID2814,I_2,I_2_AC_1,3,1,1,,999,0.0,5.0
ID2814,I_3,I_3_AC_1,3,1,1,,999,0.0,0.0
ID2830,I_2,I_2_AC_1,1,2,1,,999,14.0,7.0
ID2839,I_3,I_3_AC_1,3,1,1,,999,0.0,0.0
ID2840,I_2,I_2_AC_1,3,1,1,,12000,1.0,0.0
ID2845,I_2,I_2_AC_1,3,2,1,,12000,0.0,0.0
ID2845,I_9,I_9_AC_1,3,2,1,,18000,0.0,63.0
ID2860,I_5,I_5_AC_1,3,1,1,,999,0.0,42.0
ID2867,I_2,I_2_AC_1,1,1,3,,999,0.0,14.0
ID2875,I_5,I_5_AC_1,3,1,1,,12000,0.0,0.0
ID2890,I_5,I_5_AC_1,3,1,2,,999,6.0,21.0
ID2902,I_5,I_5_AC_1,3,1,2,,18000,0.0,56.0
ID2903,I_5,I_5_AC_1,3,1,1,,12000,7.0,56.0
ID2911,I_2,I_2_AC_1,3,2,2,,12000,0.0,1.0
ID2919,I_4,I_4_AC_1,4,1,3,,999,14.0,80.0
ID2923,I_3,I_3_AC_1,3,1,1,,12000,0.0,4.0
ID2923,I_5,I_5_AC_1,3,1,1,,24000,0.0,10.0
ID2932,I_1,I_1_AC_1,4,1,1,,999,0.0,0.0
ID2932,I_2,I_2_AC_1,4,1,1,,999,0.0,0.0
ID2932,I_3,I_3_AC_1,4,1,1,,999,0.0,18.0
ID2942,I_5,I_5_AC_1,3,1,1,,18000,0.0,7.0
ID2942,I_9,I_9_AC_1,3,1,3,,18000,0.0,28.0
ID2942,I_10,I_10_AC_1,3,1,1,,18000,0.0,14.0
ID2942,I_11,I_11_AC_1,3,1,1,,999,0.0,28.0
ID2972,I_4,I_4_AC_1,4,1,1,,1000,0.0,21.0
ID2974,I_3,I_3_AC_1,1,2,1,,1000,35.0,14.0
ID2974,I_4,I_4_AC_1,4,2,1,,1000,7.0,28.0
ID2974,I_11,I_11_AC_1,3,2,1,,1000,0.0,14.0
ID2974,I_12,I_12_AC_1,3,2,1,,1000,70.0,98.0
ID2974,I_13,I_13_AC_1,3,2,1,,1000,7.0,7.0
ID2974,I_15,I_15_AC_1,3,2,1,,1000,0.0,14.0
ID2974,I_16,I_16_AC_1,3,2,1,,1000,0.0,14.0
ID2985,I_1,I_1_AC_1,1,2,1,,999,0.0,14.0
ID2985,I_1,I_1_AC_2,1,2,1,,0,0.0,14.0
ID2985,I_2,I_2_AC_1,1,2,1,,999,0.0,14.0
ID2985,I_2,I_2_AC_2,1,2,1,,0,0.0,14.0
ID2985,I_3,I_3_AC_1,1,2,1,,999,0.0,14.0
ID2985,I_3,I_3_AC_2,1,2,1,,0,0.0,14.0
ID2985,I_4,I_4_AC_1,1,2,1,,999,0.0,14.0
ID2985,I_4,I_4_AC_2,1,2,1,,0,0.0,14.0
ID2985,I_5,I_5_AC_1,1,2,1,,999,0.0,14.0
ID2985,I_5,I_5_AC_2,1,2,1,,0,0.0,14.0
ID2985,I_6,I_6_AC_1,1,2,1,,999,0.0,14.0
ID2985,I_6,I_6_AC_2,1,2,1,,0,0.0,14.0
ID2985,I_7,I_7_AC_1,1,2,1,,999,0.0,14.0
ID2985,I_7,I_7_AC_2,1,2,1,,0,0.0,14.0
ID2985,I_8,I_8_AC_1,1,2,1,,999,0.0,14.0
ID2985,I_8,I_8_AC_2,1,2,1,,0,0.0,14.0
ID2985,I_9,I_9_AC_1,1,2,1,,999,0.0,14.0
ID2985,I_9,I_9_AC_2,1,2,1,,0,0.0,14.0
ID2985,I_10,I_10_AC_1,1,2,1,,999,0.0,14.0
ID2985,I_10,I_10_AC_2,1,2,1,,0,0.0,14.0
ID2985,I_Oth_1,I_Oth_1_AC_1,6,1,1,,0,0.0,0.0
ID2985,I_Oth_1,I_Oth_1_AC_2,1,2,1,,0,0.0,0.0
ID2985,I_Oth_2,I_Oth_2_AC_1,1,2,1,,0,0.0,0.0
ID2985,I_Oth_2,I_Oth_2_AC_2,1,2,1,,0,0.0,0.0
ID2985,I_Oth_3,I_Oth_3_AC_1,1,2,1,,0,0.0,0.0
ID2985,I_Oth_3,I_Oth_3_AC_2,1,2,1,,0,0.0,0.0
ID2994,I_3,I_3_AC_1,3,1,1,,9000,0.0,14.0
ID2998,I_3,I_3_AC_1,3,2,1,,12000,0.0,1.5
ID2998,I_4,I_4_AC_1,3,1,1,,16000,7.0,14.0
ID2999,I_4,I_4_AC_1,3,1,1,,12000,5.0,0.0
ID3007,I_3,I_3_AC_1,3,1,1,,999,28.0,56.0
ID3009,I_4,I_4_AC_1,4,2,1,,9000,0.0,3.5
ID3016,I_2,I_2_AC_1,3,1,1,,1000,10.0,63.0
ID3016,I_3,I_3_AC_1,3,1,1,,1000,0.0,0.0
ID3016,I_4,I_4_AC_1,3,1,1,,1000,0.0,0.0
ID3028,I_4,I_4_AC_1,3,2,1,,999,0.0,0.0
ID3030,I_2,I_2_AC_1,4,2,1,,13000,0.0,0.0
ID3030,I_3,I_3_AC_1,4,2,1,,9000,0.0,0.0
ID3031,I_2,I_2_AC_1,3,1,1,,999,0.0,77.0
ID3032,I_5,I_5_AC_1,4,1,1,,1000,49.0,98.0
ID3032,I_6,I_6_AC_1,4,1,1,,1000,21.0,98.0
ID3041,I_2,I_2_AC_1,3,1,1,,2400,0.0,21.0
ID3043,I_3,I_3_AC_1,4,1,2,,999,0.0,0.0
ID3059,I_4,I_4_AC_1,3,2,1,,12000,0.0,28.0
ID3063,I_3,I_3_AC_1,1,1,1,,999,0.0,7.0
ID3063,I_6,I_6_AC_1,1,1,1,,999,0.0,0.0
ID3068,I_3,I_3_AC_1,3,1,1,,13000,70.0,98.0
ID3068,I_4,I_4_AC_1,3,1,1,,9000,14.0,0.0
ID3073,I_2,I_2_AC_1,3,2,1,,12000,7.0,0.0
ID3074,I_2,I_2_AC_1,3,1,3,,999,0.0,28.0
ID3075,I_2,I_2_AC_1,3,1,1,,12000,14.0,56.0
ID3094,I_2,I_2_AC_1,1,2,1,,12000,0.0,49.0
ID3098,I_2,I_2_AC_1,3,1,1,,12000,0.0,44.1
ID3098,I_3,I_3_AC_1,3,2,1,,12000,0.0,0.0
ID3103,I_4,I_4_AC_1,4,1,1,,999,0.0,90.0
ID3103,I_5,I_5_AC_1,3,1,2,,999,0.0,10.0
ID3103,I_6,I_6_AC_1,3,1,2,,999,0.0,50.0
ID3113,I_2,I_2_AC_1,3,1,1,,18000,0.0,0.0
ID3113,I_11,I_11_AC_1,3,1,1,,12000,0.0,0.0
ID3113,I_12,I_12_AC_1,3,1,1,,24000,0.0,30.0
ID3117,I_2,I_2_AC_1,2,1,1,,999,0.0,3.05
ID3121,I_13,I_13_AC_1,3,1,1,,999,0.0,14.0
ID3121,I_14,I_14_AC_1,3,1,1,,999,0.0,0.0
ID3121,I_15,I_15_AC_1,3,1,1,,999,0.0,0.0
ID3137,I_2,I_2_AC_1,1,2,1,,2000,0.0,98.0
ID3140,I_2,I_2_AC_1,1,2,1,,999,0.0,2.0
ID3148,I_2,I_2_AC_1,4,1,1,,1000,0.0,0.0
ID3148,I_3,I_3_AC_1,4,1,1,,9000,0.0,0.0
ID3148,I_11,I_11_AC_1,4,1,1,,8000,0.0,0.0
ID3148,I_12,I_12_AC_1,4,1,1,,20000,0.0,0.0
ID3148,I_13,I_13_AC_1,4,1,1,,90000,3.0,0.0
ID3151,I_2,I_2_AC_1,4,1,1,,999,0.0,0.0
ID3163,I_2,I_2_AC_1,3,1,1,,1000,0.0,21.0
ID3175,I_2,I_2_AC_1,3,1,1,,999,0.0,56.0
ID3175,I_3,I_3_AC_1,3,1,1,,999,14.0,28.0
ID3178,I_1,I_1_AC_1,5,2,1,,999,0.0,5.0
ID3179,I_9,I_9_AC_1,4,1,1,,999,0.0,28.0
ID3192,I_1,I_1_AC_1,1,1,1,,8000,0.0,14.0
ID3192,I_2,I_2_AC_1,1,1,2,,1000,0.0,21.0
ID3192,I_3,I_3_AC_1,1,1,2,,1000,0.0,28.0
ID3192,I_4,I_4_AC_1,1,1,2,,1000,0.0,28.0
ID3192,I_5,I_5_AC_1,1,1,2,,1000,0.0,28.0
ID3192,I_7,I_7_AC_1,1,1,2,,18000,0.0,7.0
ID3200,I_2,I_2_AC_1,3,1,1,,999,0.0,0.0
ID3200,I_3,I_3_AC_1,3,1,1,,999,0.0,0.0
ID3203,I_1,I_1_AC_1,3,1,1,,8000,42.0,0.0
ID3203,I_2,I_2_AC_1,3,1,1,,2000,7.0,0.0
ID3203,I_11,I_11_AC_1,3,1,1,,2000,0.0,0.0
ID3222,I_1,I_1_AC_1,3,2,1,,999,0.0,0.0
ID3222,I_2,I_2_AC_1,3,2,1,,18000,0.0,0.0
ID3222,I_3,I_3_AC_1,3,2,1,,12000,0.0,0.0
ID3222,I_4,I_4_AC_1,3,2,1,,12000,0.0,42.0
ID3222,I_5,I_5_AC_1,3,2,1,,12000,0.0,28.0
ID3222,I_6,I_6_AC_1,3,2,1,,12000,0.0,0.0
ID3237,I_7,I_7_AC_1,4,1,1,,999,0.0,7.0
ID3237,I_8,I_8_AC_1,4,1,1,,999,0.0,14.0
ID3237,I_10,I_10_AC_1,4,1,1,,999,0.0,0.0
ID3238,I_3,I_3_AC_1,4,2,1,,999,0.0,0.0
ID3238,I_4,I_4_AC_1,4,2,1,,999,14.0,14.0
ID3240,I_7,I_7_AC_1,3,1,1,,999,24.0,56.0
ID3242,I_10,I_10_AC_1,3,1,1,,1000,3.5,42.0
ID3247,I_4,I_4_AC_1,3,2,1,,999,0.0,0.0
ID3250,I_2,I_2_AC_1,1,1,2,,1000,0.0,7.0
ID3250,I_3,I_3_AC_1,1,1,2,,1000,0.0,7.0
ID3253,I_3,I_3_AC_1,3,1,1,,1000,0.0,0.0
ID3253,I_11,I_11_AC_1,3,1,1,,20000,0.0,70.0
ID3258,I_6,I_6_AC_1,3,2,1,,999,3.0,42.0
ID3263,I_2,I_2_AC_1,1,1,1,,999,0.0,63.0
ID3266,I_5,I_5_AC_1,3,1,1,,999,0.0,63.0
ID3267,I_3,I_3_AC_1,3,1,1,,12000,21.0,56.0
ID3267,I_4,I_4_AC_1,3,1,1,,12000,14.0,70.0
ID3267,I_5,I_5_AC_1,3,1,1,,12000,0.0,0.0
ID3267,I_6,I_6_AC_1,3,1,1,,12000,0.0,3.0
ID3268,I_3,I_3_AC_1,3,2,1,,999,0.0,0.0
ID3269,I_3,I_3_AC_1,3,2,1,,12000,0.0,0.0
ID3278,I_3,I_3_AC_1,4,1,1,,12000,0.0,7.0
ID3279,I_3,I_3_AC_1,3,1,1,,12000,0.0,0.0
ID3279,I_4,I_4_AC_1,3,1,1,,1200,7.0,0.0
ID3279,I_5,I_5_AC_1,3,1,1,,1200,0.0,0.0
ID3279,I_6,I_6_AC_1,3,1,1,,1200,0.0,0.0
ID3281,I_3,I_3_AC_1,3,1,1,,999,0.0,7.0
ID3282,I_3,I_3_AC_1,3,2,2,,24000,0.0,0.0
ID3284,I_2,I_2_AC_1,4,1,3,,18000,7.0,3.5
ID3311,I_2,I_2_AC_1,3,1,1,,999,0.0,0.0
ID3311,I_4,I_4_AC_1,3,1,1,,999,0.0,0.0
ID3311,I_5,I_5_AC_1,3,1,1,,999,0.0,0.0
ID3315,I_2,I_2_AC_1,1,1,2,,999,0.0,60.0
ID3316,I_2,I_2_AC_1,4,2,2,,999,0.0,0.0
ID3321,I_4,I_4_AC_1,1,2,1,,1000,0.0,14.0
ID3321,I_5,I_5_AC_1,1,2,1,,1000,0.0,2.0
ID3323,I_2,I_2_AC_1,3,2,2,,999,0.0,1.0
ID3332,I_2,I_2_AC_1,3,1,1,,9000,0.0,0.0
ID3339,I_4,I_4_AC_1,3,1,1,,999,14.0,56.0
ID3344,I_2,I_2_AC_1,3,1,1,,999,0.0,7.0
ID3356,I_3,I_3_AC_1,4,1,1,,999,0.0,8.0
ID3363,I_2,I_2_AC_1,4,1,1,,999,0.0,10.3
ID3366,I_2,I_2_AC_1,3,2,1,,1000,0.0,0.0
ID3366,I_4,I_4_AC_1,3,2,1,,1000,0.0,17.0
ID3375,I_3,I_3_AC_1,3,2,1,,999,12.0,2.0
ID3376,I_2,I_2_AC_1,3,1,1,,12000,0.0,28.0
ID3376,I_3,I_3_AC_1,3,1,1,,12000,0.0,38.5
ID3376,I_18,I_18_AC_1,3,1,1,,18000,0.0,38.5
ID3387,I_2,I_2_AC_1,3,1,1,,12000,0.0,14.0
ID3387,I_3,I_3_AC_1,3,1,1,,12000,0.0,21.0
ID3389,I_2,I_2_AC_1,3,2,1,,1000,0.0,6.0
ID3389,I_12,I_12_AC_1,3,2,1,,1000,0.0,0.0
ID3395,I_3,I_3_AC_1,1,1,1,,12000,0.0,35.0
ID3395,I_4,I_4_AC_1,1,1,1,,12000,0.0,35.0
ID3395,I_5,I_5_AC_1,1,1,1,,12000,0.0,14.0
ID3399,I_10,I_10_AC_1,3,1,1,,12000,0.0,7.0
ID3399,I_11,I_11_AC_1,3,1,1,,12000,4.0,14.0
ID3411,I_8,I_8_AC_1,3,1,1,,999,14.0,28.0
ID3411,I_9,I_9_AC_1,3,1,1,,999,0.0,0.0
ID3411,I_10,I_10_AC_1,3,1,1,,999,0.0,0.0
ID3411,I_11,I_11_AC_1,3,1,1,,999,0.0,0.0
ID3411,I_12,I_12_AC_1,3,1,1,,999,0.0,0.0
ID3411,I_13,I_13_AC_1,3,1,1,,999,14.0,14.0
ID3413,I_2,I_2_AC_1,3,1,1,,999,0.0,28.0
ID3419,I_2,I_2_AC_1,3,1,1,,1000,0.0,0.0
ID3419,I_3,I_3_AC_1,3,1,1,,1000,0.0,0.0
ID3430,I_1,I_1_AC_1,4,2,1,,2400,0.0,0.0
ID3430,I_3,I_3_AC_1,3,1,1,,8000,0.0,0.0
ID3430,I_4,I_4_AC_1,1,2,1,,9000,0.0,0.0
ID3430,I_5,I_5_AC_1,3,2,1,,8000,0.0,0.0
ID3430,I_6,I_6_AC_1,3,2,1,,8000,1.0,1.0
ID3432,I_4,I_4_AC_1,3,1,1,,999,0.0,0.0
ID3432,I_6,I_6_AC_1,3,1,1,,999,0.0,0.0
ID3433,I_2,I_2_AC_1,4,2,1,,9000,0.0,0.0
ID3433,I_3,I_3_AC_1,4,2,1,,9000,0.0,70.5
ID3435,I_2,I_2_AC_1,3,1,1,,12000,0.0,0.25
ID3435,I_3,I_3_AC_1,3,1,1,,12000,0.0,0.0
ID3439,I_2,I_2_AC_1,4,1,1,,999,0.0,35.0
ID3441,I_3,I_3_AC_1,3,1,1,,15000,0.0,56.0
ID3441,I_4,I_4_AC_1,3,1,1,,15000,0.0,56.0
ID3445,I_2,I_2_AC_1,4,2,1,,999,0.0,21.0
ID3446,I_2,I_2_AC_1,3,1,2,,12000,0.0,0.0
ID3446,I_3,I_3_AC_1,3,1,2,,12000,0.0,0.0
ID3454,I_3,I_3_AC_1,3,2,1,,999,0.0,14.0
ID3454,I_5,I_5_AC_1,3,2,1,,999,0.0,65.0
ID3459,I_2,I_2_AC_1,4,2,1,,999,0.0,0.0
ID3463,I_2,I_2_AC_1,3,1,1,,9000,0.0,84.0
ID3471,I_2,I_2_AC_1,3,1,1,,999,0.0,24.0
ID3474,I_3,I_3_AC_1,3,2,1,,12000,0.0,28.0
ID3475,I_2,I_2_AC_1,3,1,1,,18000,0.0,35.0
ID3475,I_11,I_11_AC_1,3,1,1,,18000,0.0,0.0
ID3475,I_12,I_12_AC_1,3,1,1,,18000,0.0,35.0
ID3476,I_3,I_3_AC_1,3,2,1,,9000,0.0,0.0
ID3479,I_1,I_1_AC_1,1,1,1,,999,0.0,0.0
ID3479,I_2,I_2_AC_1,1,1,1,,999,0.0,98.0
ID3479,I_3,I_3_AC_1,1,1,1,,999,0.0,0.0
ID3479,I_4,I_4_AC_1,1,1,1,,999,0.0,98.0
ID3486,I_2,I_2_AC_1,3,1,1,,999,0.0,0.0
ID3487,I_2,I_2_AC_1,3,1,1,,12000,0.0,21.0
ID3519,I_2,I_2_AC_1,1,1,1,,999,0.0,0.0
ID3519,I_3,I_3_AC_1,1,1,1,,999,0.0,0.0
ID3519,I_4,I_4_AC_1,1,1,1,,999,0.0,0.0
ID3520,I_2,I_2_AC_1,3,2,1,,999,0.0,3.5
ID3521,I_3,I_3_AC_1,3,1,1,,12000,0.0,35.0
ID3527,I_1,I_1_AC_1,3,1,1,,999,14.0,0.0
ID3527,I_2,I_2_AC_1,3,1,1,,999,0.0,49.0
ID3527,I_3,I_3_AC_1,3,1,1,,999,0.0,49.0
ID3551,I_2,I_2_AC_1,3,1,1,,999,0.0,56.0
ID3551,I_8,I_8_AC_1,3,1,1,,999,0.0,56.0
ID3555,I_2,I_2_AC_1,3,1,1,,1000,7.0,1.0
ID3555,I_3,I_3_AC_1,3,1,1,,1000,0.0,7.0
ID3559,I_2,I_2_AC_1,1,1,1,,999,14.0,14.0
ID3565,I_4,I_4_AC_1,1,1,1,,999,0.0,0.0
ID3566,I_3,I_3_AC_1,3,2,2,,999,0.0,0.0
ID3574,I_10,I_10_AC_1,1,2,1,,999,0.0,84.0
ID3574,I_12,I_12_AC_1,1,2,1,,999,0.0,0.0
ID3585,I_2,I_2_AC_1,1,1,1,,999,0.0,7.0
ID3585,I_3,I_3_AC_1,1,1,1,,999,0.0,0.0
ID3585,I_4,I_4_AC_1,1,1,1,,999,0.0,0.0
ID3591,I_3,I_3_AC_1,4,1,1,,999,0.0,28.0
ID3601,I_4,I_4_AC_1,1,2,1,,999,0.0,14.0
ID3607,I_2,I_2_AC_1,1,2,1,,999,0.0,0.0
ID3607,I_3,I_3_AC_1,2,2,3,,999,0.0,0.0
ID3608,I_4,I_4_AC_1,3,1,1,,999,0.0,0.0
ID3615,I_2,I_2_AC_1,1,2,1,,999,0.0,0.0
ID3618,I_2,I_2_AC_1,4,2,1,,999,0.0,3.0
ID3622,I_3,I_3_AC_1,3,1,1,,999,0.0,50.0
ID3623,I_3,I_3_AC_1,3,1,1,,12000,0.0,70.0
ID3623,I_3,I_3_AC_2,3,1,1,,12000,0.0,70.0
ID3624,I_1,I_1_AC_1,3,1,1,,999,0.0,0.0
ID3624,I_2,I_2_AC_1,3,1,1,,999,0.0,0.0
ID3624,I_3,I_3_AC_1,3,1,1,,999,0.0,0.0
ID3624,I_4,I_4_AC_1,3,1,1,,999,0.0,0.0
ID3624,I_5,I_5_AC_1,3,1,1,,1000,0.0,0.0
ID3625,I_3,I_3_AC_1,3,2,2,,18000,0.0,21.0
ID3625,I_4,I_4_AC_1,3,1,2,,12000,0.0,28.0
ID3632,I_2,I_2_AC_1,4,1,1,,1000,0.0,0.0
ID3632,I_3,I_3_AC_1,4,1,1,,1000,21.0,14.0
ID3632,I_4,I_4_AC_1,4,1,1,,1000,0.0,7.0
ID3633,I_4,I_4_AC_1,3,1,1,,999,14.0,56.0
ID3633,I_5,I_5_AC_1,3,1,1,,999,14.0,56.0
ID3633,I_6,I_6_AC_1,3,1,1,,999,14.0,56.0
ID3633,I_7,I_7_AC_1,3,1,1,,999,28.0,56.0
ID3640,I_2,I_2_AC_1,1,1,1,,999,0.0,0.0
ID3645,I_2,I_2_AC_1,1,1,1,,999,0.0,5.0
ID3645,I_3,I_3_AC_1,1,1,1,,999,0.0,56.0
ID3647,I_3,I_3_AC_1,3,1,1,,999,0.0,56.0
ID3647,I_4,I_4_AC_1,3,1,1,,999,0.0,56.0
ID3647,I_5,I_5_AC_1,3,1,1,,999,0.0,56.0
ID3652,I_6,I_6_AC_1,3,1,2,,999,0.0,0.0
ID3655,I_9,I_9_AC_1,3,1,1,,999,14.0,14.0
ID3655,I_10,I_10_AC_1,3,1,1,,999,14.0,28.0
ID3658,I_3,I_3_AC_1,1,2,1,,12000,0.0,7.0
ID3660,I_7,I_7_AC_1,3,1,1,,999,14.0,0.0
ID3662,I_3,I_3_AC_1,3,1,1,,999,0.0,21.0
ID3662,I_4,I_4_AC_1,3,1,1,,999,0.0,28.0
ID3662,I_13,I_13_AC_1,3,1,1,,999,28.0,56.0
ID3662,I_14,I_14_AC_1,3,1,1,,999,0.0,28.0
ID3668,I_2,I_2_AC_1,4,1,1,,1000,0.0,42.0
ID3672,I_1,I_1_AC_1,5,1,3,,1000,0.0,14.0
ID3689,I_2,I_2_AC_1,3,2,1,,999,0.0,0.0
ID3705,I_3,I_3_AC_1,1,1,1,,9000,0.0,21.0
ID3718,I_3,I_3_AC_1,3,1,2,,999,0.0,0.0
ID3720,I_7,I_7_AC_1,4,1,1,,5000,0.0,14.0
ID3724,I_1,I_1_AC_1,3,2,1,,999,0.0,0.0
ID3725,I_2,I_2_AC_1,1,2,1,,999,0.0,0.0
ID3725,I_4,I_4_AC_1,1,2,1,,999,0.0,0.0
ID3726,I_2,I_2_AC_1,4,1,1,,5000,0.0,1.0
ID3728,I_4,I_4_AC_1,1,1,1,,12000,35.0,21.0
ID3728,I_6,I_6_AC_1,1,1,1,,12000,28.0,21.0
ID3728,I_7,I_7_AC_1,1,1,1,,12000,0.0,0.0
ID3733,I_2,I_2_AC_1,3,1,1,,10000,0.0,27.0
ID3733,I_13,I_13_AC_1,3,1,1,,100000,8.0,24.0
ID3733,I_14,I_14_AC_1,3,1,1,,10000,0.0,30.0
ID3733,I_15,I_15_AC_1,3,1,1,,100000,0.0,30.0
ID3736,I_2,I_2_AC_1,3,2,1,,1000,0.0,0.0
ID3736,I_4,I_4_AC_1,3,2,1,,999,0.0,70.0
ID3737,I_4,I_4_AC_1,1,2,1,,18000,0.0,63.0
ID3737,I_5,I_5_AC_1,1,2,1,,12000,0.0,63.0
ID3737,I_6,I_6_AC_1,1,2,1,,12000,0.0,56.0
ID3752,I_2,I_2_AC_1,3,1,1,,999,6.0,28.0
ID3754,I_4,I_4_AC_1,1,2,1,,999,0.0,0.0
ID3756,I_2,I_2_AC_1,3,1,1,,8000,0.0,14.0
ID3756,I_3,I_3_AC_1,3,1,1,,8000,0.0,0.0
ID3756,I_4,I_4_AC_1,3,1,1,,8000,0.0,0.0
ID3760,I_3,I_3_AC_1,4,1,1,,9000,0.0,0.0
ID3761,I_2,I_2_AC_1,1,1,1,,12000,0.0,0.0
ID3761,I_3,I_3_AC_1,1,1,1,,999,0.0,0.0
ID3762,I_2,I_2_AC_1,1,1,1,,999,8.0,35.0
ID3762,I_3,I_3_AC_1,1,1,1,,999,0.0,0.0
ID3770,I_4,I_4_AC_1,1,1,2,,999,0.0,28.0
ID3774,I_1,I_1_AC_1,1,1,1,,1000,3.5,3.5
ID3774,I_1,I_1_AC_2,1,1,1,,40000,3.5,3.58
ID3774,I_1,I_1_AC_3,1,1,1,,40000,3.5,3.5
ID3774,I_2,I_2_AC_1,1,1,1,,18000,7.0,42.0
ID3774,I_3,I_3_AC_1,1,1,1,,999,0.0,0.0
ID3774,I_4,I_4_AC_1,1,1,1,,14000,0.0,0.0
ID3780,I_2,I_2_AC_1,3,1,2,,12000,9.0,3.0
ID3780,I_3,I_3_AC_1,3,1,2,,12000,0.0,0.0
ID3783,I_2,I_2_AC_1,1,1,1,,1000,8.0,81.0
ID3786,I_Oth_1,I_Oth_1_AC_1,4,2,1,,0,0.0,14.0
ID3787,I_2,I_2_AC_1,3,1,1,,999,0.0,8.0
ID3787,I_3,I_3_AC_1,3,1,1,,999,0.0,6.3
ID3787,I_4,I_4_AC_1,3,1,1,,999,0.0,0.0
ID3791,I_2,I_2_AC_1,3,2,1,,999,0.0,7.0
ID3792,I_6,I_6_AC_1,3,2,1,,1000,0.0,7.0
ID3794,I_2,I_2_AC_1,3,2,1,,999,0.0,7.0
ID3806,I_2,I_2_AC_1,3,1,2,,12000,6.0,63.0
ID3806,I_3,I_3_AC_1,3,2,2,,12000,0.0,63.0
ID3820,I_3,I_3_AC_1,3,2,1,,12000,0.0,0.0
ID3822,I_2,I_2_AC_1,3,1,1,,9000,0.0,14.0
ID3850,I_3,I_3_AC_1,4,1,1,,12000,0.0,0.0
ID3867,I_3,I_3_AC_1,3,1,1,,999,0.0,0.0
ID3881,I_3,I_3_AC_1,1,1,1,,999,0.0,3.5
ID3893,I_3,I_3_AC_1,3,1,1,,999,0.0,0.0
ID3905,I_1,I_1_AC_1,6,2,1,,999,0.0,0.0
ID3905,I_2,I_2_AC_1,4,1,1,,1000,7.0,7.0
ID3905,I_3,I_3_AC_1,4,1,1,,1000,4.0,7.0
ID3905,I_4,I_4_AC_1,4,1,1,,1000,7.0,7.0
ID3910,I_2,I_2_AC_1,3,2,1,,12000,0.0,10.0
ID3910,I_3,I_3_AC_1,3,1,1,,12000,0.0,56.0
ID3910,I_13,I_13_AC_1,3,2,3,,12000,0.0,4.0
ID3910,I_14,I_14_AC_1,3,1,1,,12000,0.0,21.0
ID3910,I_15,I_15_AC_1,3,1,1,,12000,0.0,0.0
ID3943,I_2,I_2_AC_1,1,2,2,,999,0.0,0.0
ID3950,I_1,I_1_AC_1,4,2,1,,1000,0.0,2.0
ID4015,I_2,I_2_AC_1,4,1,1,,999,0.0,0.0
ID4026,I_2,I_2_AC_1,4,1,1,,999,0.0,2.0
ID4053,I_2,I_2_AC_1,4,2,1,,1000,7.0,7.0
ID4055,I_4,I_4_AC_1,4,1,1,,1000,0.0,0.0
